industry,age,employees,annual_revenue,monthly_cash_flow,monthly_expenses,existing_debt,digital_transactions,utility_payment_score,invoice_payment_score,previous_defaults,default
Retail,11,53,1960000.0,39200.0,123400.0,256000.0,915,70.50648021113946,67.61067214478194,0,0
Services,9,40,1822000.0,37500.0,115800.0,984000.0,487,70.93074904507213,63.55426251031017,0,0
Logistics,6,36,3136000.0,45500.0,205300.0,1261000.0,116,74.43632855621131,85.86053328034401,0,0
Retail,19,84,9025000.0,266100.0,486300.0,3851000.0,352,54.86646761456687,85.6291277086491,0,0
Manufacturing,2,21,1473000.0,43500.0,80600.0,269000.0,333,63.726628192413756,68.15135395462944,0,0
Manufacturing,1,7,756000.0,20200.0,43800.0,326000.0,527,49.884466364633894,21.764870346521793,0,1
Manufacturing,12,74,8018000.0,231100.0,435300.0,3507000.0,39,77.18116772386838,64.06572037666037,0,0
Services,4,22,2396000.0,34100.0,174700.0,925000.0,735,90.48653364717933,48.581422698251274,0,0
Retail,12,76,6590000.0,96700.0,449600.0,1291000.0,444,51.18936954204959,40.0279551903463,0,1
Logistics,14,57,7471000.0,248200.0,376200.0,2203000.0,157,87.91368582026342,73.65182655284467,0,0
Manufacturing,1,12,1036000.0,49100.0,47600.0,109000.0,723,66.27493563204759,57.42490789343854,0,0
Services,13,48,3949000.0,142800.0,185600.0,1129000.0,671,75.80890641544289,84.05994372549571,1,0
Services,4,33,1846000.0,58500.0,97000.0,317000.0,163,71.7208279569537,71.35276354733148,0,0
Manufacturing,5,32,2154000.0,73200.0,105500.0,484000.0,707,90.56730528514235,72.32412146279077,0,0
Manufacturing,6,45,1775000.0,50400.0,107400.0,233000.0,69,66.10645413526551,78.55954642661985,1,1
Manufacturing,16,39,3959000.0,53000.0,274900.0,653000.0,485,77.14134982718356,83.24357726592764,1,1
Retail,1,9,550000.0,19700.0,36400.0,49000.0,377,87.68816746496448,52.29693103322215,1,1
Retail,4,31,2075000.0,64700.0,107400.0,1058000.0,664,89.26351603113804,87.51974134811942,0,0
Retail,7,23,2667000.0,63900.0,151500.0,1855000.0,223,59.24835253354759,55.269259218371225,2,1
Retail,8,32,2219000.0,57700.0,132700.0,1216000.0,199,80.00055670549933,82.41538572000331,0,0
Retail,8,54,3263000.0,47200.0,222300.0,1036000.0,79,51.95943412833755,36.74625967998158,0,0
Manufacturing,1,10,528000.0,12600.0,36400.0,192000.0,563,57.07463817544755,68.99483677272619,0,0
Retail,3,7,815000.0,-11600.0,57700.0,416000.0,126,96.20778713403054,82.45432649187418,0,0
Retail,3,18,875000.0,20600.0,52400.0,122000.0,277,72.0043762936333,85.05495931643927,0,0
Retail,10,33,2727000.0,46500.0,177100.0,1190000.0,90,71.25157476116006,78.18613676845905,0,0
Logistics,2,18,1588000.0,46100.0,77700.0,1885000.0,310,61.735018792934035,72.23917555710845,0,1
Manufacturing,2,14,1500000.0,28500.0,92100.0,353000.0,192,85.28031415313984,88.92639244488667,0,0
Retail,19,61,6191000.0,185200.0,326100.0,379000.0,780,87.57417985316586,40.037914313057286,0,0
Retail,1,7,841000.0,21200.0,48500.0,230000.0,15,42.634044011445255,85.18872426286059,0,0
Manufacturing,30,159,6312000.0,115700.0,399400.0,399000.0,162,61.27823080870186,92.54573566355957,0,0
Retail,7,23,1521000.0,48800.0,80500.0,829000.0,890,84.28090197113796,53.268854890230045,0,0
Manufacturing,11,25,1610000.0,69000.0,76100.0,305000.0,685,74.25783128503606,84.83193822225809,0,0
Manufacturing,3,10,503000.0,21000.0,23200.0,257000.0,850,68.73077412574801,85.91854004299375,0,0
Services,1,10,654000.0,30600.0,30400.0,358000.0,794,68.61162854386156,91.9469436478057,0,0
Services,9,19,1283000.0,56600.0,59100.0,449000.0,676,85.68911277725435,70.75502421520731,0,0
Services,11,31,2784000.0,105900.0,136000.0,185000.0,143,68.0951445280851,35.89241035291745,0,0
Retail,9,37,3873000.0,134700.0,203000.0,352000.0,652,81.98622906352604,73.44848156384379,0,0
Manufacturing,1,9,675000.0,17300.0,35000.0,433000.0,527,86.91358320044746,77.52665856163368,1,1
Logistics,9,25,2764000.0,22900.0,201700.0,1544000.0,913,59.90510264670515,55.309091418904366,0,0
Retail,9,48,3374000.0,104400.0,183000.0,2629000.0,643,38.871906590735286,85.02193066298547,0,0
Manufacturing,7,44,2881000.0,103600.0,142100.0,776000.0,516,79.02727043936271,93.62499506340598,0,0
Retail,9,35,3214000.0,78500.0,195500.0,1662000.0,163,70.52410090852985,85.20509311180247,0,0
Manufacturing,12,75,2812000.0,54200.0,195200.0,892000.0,283,75.89707849693475,72.37006833808454,0,0
Services,6,23,998000.0,18900.0,64400.0,396000.0,715,70.3267263364345,81.41797328576575,1,1
Retail,1,10,789000.0,26600.0,42600.0,393000.0,667,73.21397796986815,89.90984969326733,0,0
Logistics,5,34,4556000.0,92600.0,279200.0,562000.0,119,65.52506862686089,72.29262946851311,0,0
Retail,1,7,775000.0,30900.0,50800.0,128000.0,480,71.29489886111416,63.7434655590835,0,0
Retail,4,23,1018000.0,15100.0,67000.0,233000.0,778,59.905946251987274,51.290577665164946,0,0
Retail,4,21,2601000.0,47400.0,166900.0,312000.0,943,70.86060321573868,87.26656049025098,0,0
Manufacturing,1,15,1678000.0,20000.0,117100.0,1134000.0,916,81.58387436420158,79.06953535000319,0,0
Services,3,19,1884000.0,20400.0,131400.0,397000.0,295,86.39679240323981,41.92489236120733,0,0
Logistics,1,5,606000.0,7300.0,37400.0,159000.0,421,63.579889784205825,81.4915866887448,0,0
Services,10,57,4414000.0,109100.0,254500.0,2389000.0,870,87.69183161589493,76.77014932735801,0,0
Services,18,43,2505000.0,38800.0,159000.0,710000.0,627,92.29334435655949,52.72046807113282,0,0
Retail,1,8,710000.0,4400.0,48500.0,227000.0,808,96.35827505634518,58.46332333164433,1,1
Services,19,66,6113000.0,243900.0,281100.0,608000.0,914,80.40453243547039,84.22129128494498,2,1
Manufacturing,5,33,3020000.0,36800.0,220800.0,1395000.0,372,85.060499031642,35.940527326595664,0,0
Manufacturing,3,16,1509000.0,56400.0,76800.0,473000.0,689,71.22340050182511,81.3187736014056,0,0
Manufacturing,1,5,673000.0,26000.0,39500.0,352000.0,217,74.43583079822386,65.99200161839366,0,0
Retail,5,16,2076000.0,42800.0,144900.0,510000.0,626,74.59481776006899,97.87592633744507,0,0
Retail,10,54,6855000.0,200500.0,356600.0,565000.0,295,63.23812809509586,65.79167556271538,0,0
Retail,8,17,2026000.0,39600.0,119400.0,1091000.0,930,75.62852489641443,44.77436261468687,0,0
Services,1,5,670000.0,16200.0,33200.0,182000.0,271,58.798892523861504,59.77123674097309,1,1
Retail,1,6,272000.0,3500.0,15400.0,45000.0,108,58.2336398013678,58.57781348557361,0,0
Retail,4,25,1571000.0,48800.0,79700.0,1245000.0,338,89.27280583650553,73.88715429600946,0,0
Retail,3,23,2001000.0,51500.0,111700.0,168000.0,805,72.91052156283666,63.12835695915573,0,0
Manufacturing,2,19,2354000.0,65800.0,132100.0,665000.0,753,58.74383285754855,58.020276451564115,0,0
Services,2,14,1233000.0,12800.0,90200.0,437000.0,376,96.90636587821605,93.10868282106074,2,1
Manufacturing,10,31,3520000.0,30000.0,257600.0,918000.0,676,77.08793089785958,64.7373791666005,0,0
Services,16,104,5157000.0,159700.0,252600.0,678000.0,365,89.61004940477643,68.68318451574655,0,0
Logistics,4,24,1476000.0,18000.0,97100.0,801000.0,76,50.25471244636892,64.79870006436273,2,1
Manufacturing,15,78,8723000.0,310300.0,412200.0,2037000.0,655,85.05284262683008,62.03440677449825,0,0
Manufacturing,3,27,1412000.0,49800.0,65900.0,620000.0,201,74.19483509181974,61.27876809970731,0,0
Services,4,16,1150000.0,30800.0,56000.0,245000.0,594,72.23598964042188,44.71250401519492,0,0
Logistics,2,14,879000.0,5700.0,63600.0,253000.0,929,56.53254970820103,88.79247871226936,0,0
Logistics,7,51,3659000.0,33500.0,262400.0,894000.0,556,50.95422172296785,70.23068573093889,0,0
Logistics,24,74,8094000.0,259400.0,414100.0,1791000.0,911,50.36746546154729,82.98487699519724,0,0
Manufacturing,6,41,3019000.0,91200.0,151800.0,184000.0,318,85.71712169411963,60.747559308556816,0,0
Retail,3,22,2053000.0,56600.0,107700.0,472000.0,801,53.17569800433692,65.00984946938371,0,0
Manufacturing,7,44,2002000.0,36300.0,120100.0,990000.0,653,57.12903153847183,84.19455403259064,0,0
Services,1,8,956000.0,19600.0,58800.0,834000.0,450,81.80673779364066,62.5260298390925,0,0
Retail,14,79,5833000.0,176300.0,302900.0,716000.0,227,56.502261264252674,76.70537562710533,0,0
Retail,5,19,1959000.0,40000.0,130500.0,677000.0,420,88.6931638411268,68.70299557948563,1,0
Manufacturing,4,10,1112000.0,35500.0,60400.0,552000.0,832,32.29904349553968,59.79275678756951,0,0
Retail,6,27,1539000.0,18100.0,109600.0,616000.0,148,75.42837892311726,90.26914099900661,0,0
Retail,6,39,4988000.0,90600.0,318700.0,1369000.0,931,53.05747427579225,69.02957284456122,0,0
Logistics,1,9,897000.0,25900.0,51900.0,434000.0,929,72.84532406540424,67.69254973039199,0,1
Retail,7,36,2881000.0,51000.0,194600.0,578000.0,233,67.5551476306657,72.34814225675437,1,1
Services,2,7,379000.0,6800.0,25900.0,232000.0,435,85.61636632931857,70.6878012217669,0,0
Retail,8,25,3349000.0,111700.0,180200.0,1048000.0,333,13.5290775128504,88.93832149707886,0,0
Manufacturing,11,31,3543000.0,103400.0,195500.0,1684000.0,171,76.78000178730485,71.33963473889531,0,0
Logistics,10,48,2728000.0,39400.0,195200.0,1407000.0,202,48.31114899832834,56.989782339060866,0,0
Logistics,5,20,1409000.0,47500.0,71000.0,725000.0,490,79.59406685813278,71.48074326671346,0,0
Retail,5,25,3000000.0,114400.0,141000.0,162000.0,176,50.570442600998845,75.60141462482932,0,0
Logistics,1,12,1297000.0,26100.0,75600.0,663000.0,143,59.574793069614785,79.15152185617103,2,1
Retail,9,57,6578000.0,98100.0,446400.0,508000.0,318,78.96467852340405,84.70267538628214,0,0
Retail,2,15,1220000.0,22700.0,81800.0,492000.0,103,76.84360699554841,94.29478725706132,0,0
Retail,5,17,1874000.0,25600.0,133300.0,576000.0,909,63.71294830237469,60.98819794832551,0,0
Manufacturing,3,15,1134000.0,30000.0,68600.0,329000.0,931,79.38088408298242,88.4414307318042,0,0
Manufacturing,1,10,572000.0,28700.0,27800.0,202000.0,176,88.04378793272767,56.33867256917237,0,0
Manufacturing,6,20,2029000.0,31900.0,125800.0,588000.0,936,51.78145604666968,76.41966133891651,0,0
Retail,1,6,825000.0,5500.0,55500.0,427000.0,50,47.6117977436083,83.80406134357762,0,0
Retail,9,20,1352000.0,49100.0,65400.0,230000.0,241,30.387875849634455,56.81185347507572,0,0
Retail,3,16,1334000.0,37900.0,67500.0,249000.0,165,54.82929575975584,38.23571123035721,0,0
Services,1,14,1481000.0,82000.0,68400.0,756000.0,607,46.80265179627534,93.2787518549424,0,0
Manufacturing,5,23,2113000.0,48900.0,131300.0,187000.0,61,66.79177175393536,78.6256046106059,0,0
Retail,1,11,1359000.0,17200.0,95400.0,1064000.0,730,87.3772319611308,73.48255207262508,0,0
Logistics,2,9,1035000.0,15600.0,66500.0,405000.0,674,52.48983022972047,82.16918858824707,0,0
Manufacturing,8,24,987000.0,6500.0,71900.0,659000.0,245,78.70714445019728,67.68342497915071,0,1
Manufacturing,1,7,979000.0,35200.0,46600.0,389000.0,553,74.68041717818745,64.63402717958645,0,0
Retail,11,35,3990000.0,51400.0,282000.0,544000.0,715,94.68770773563287,94.16819707747324,0,0
Manufacturing,1,6,754000.0,7800.0,51400.0,359000.0,179,60.56107663045785,57.12552204943191,0,0
Services,2,13,1344000.0,36600.0,73200.0,161000.0,738,68.69790254495051,91.8218735712468,0,0
Services,9,19,2373000.0,36200.0,172300.0,1311000.0,834,73.3854370316331,88.3227350985282,0,0
Retail,3,20,936000.0,38800.0,50300.0,82000.0,601,80.98051483166553,72.92102513351819,0,0
Services,1,10,715000.0,11300.0,50300.0,231000.0,618,93.37423277001577,61.358265196641135,0,0
Services,3,10,1270000.0,6100.0,89000.0,489000.0,588,81.36187054721297,86.12885711894667,0,0
Manufacturing,2,15,843000.0,18400.0,56200.0,439000.0,80,55.688917996432906,71.73926911447236,0,0
Services,12,73,3155000.0,81900.0,193500.0,2922000.0,934,71.94417049996184,83.22250628843186,1,1
Retail,3,10,1178000.0,51200.0,57900.0,833000.0,94,64.01030658484818,73.05420100079004,0,0
Services,10,61,7486000.0,177100.0,452600.0,3865000.0,154,76.90023812097753,75.55677312743431,1,1
Services,14,43,2239000.0,73400.0,124600.0,648000.0,414,67.1810844502723,52.71672616806485,1,0
Retail,4,13,1621000.0,25900.0,109600.0,536000.0,946,77.6761548806666,91.73971050722898,0,0
Manufacturing,15,37,3963000.0,71000.0,264300.0,3044000.0,144,86.89005054543352,79.82801277692295,0,0
Manufacturing,3,25,2240000.0,22400.0,158800.0,571000.0,780,60.67556323044321,64.55826570420194,0,0
Retail,20,64,7819000.0,292300.0,361600.0,3669000.0,460,88.36894888958501,55.04570407460441,0,0
Services,1,7,553000.0,19000.0,37700.0,79000.0,846,78.341255124273,71.69546326662923,0,0
Services,7,31,1716000.0,15400.0,122900.0,562000.0,43,70.1501444622177,32.46479037577127,0,0
Manufacturing,5,28,1817000.0,21800.0,122700.0,747000.0,216,33.1800525610763,41.945623747939585,0,1
Retail,3,17,1497000.0,51500.0,74000.0,1658000.0,251,66.84720294763142,64.4685246812866,0,1
Retail,7,48,4358000.0,151900.0,209500.0,4731000.0,613,64.52213128247095,66.31381720868843,0,0
Manufacturing,8,33,3946000.0,150900.0,183100.0,1201000.0,622,76.42118472446158,78.11976416524054,0,0
Manufacturing,1,15,1771000.0,32200.0,111800.0,658000.0,813,47.815403568705484,85.652480621404,1,1
Retail,2,14,1345000.0,40900.0,84900.0,734000.0,353,82.99484541238019,93.46139360170032,0,0
Services,8,49,5732000.0,49000.0,418300.0,1628000.0,413,80.18839537030247,76.7021203267045,0,0
Retail,7,22,1213000.0,42200.0,68900.0,1347000.0,453,28.17307252132728,76.48122138494486,0,0
Retail,21,110,4428000.0,119500.0,243400.0,2282000.0,303,82.90528888782964,60.391488620474185,0,0
Logistics,9,20,2535000.0,37200.0,159700.0,2784000.0,266,68.95595915536707,65.76299482105189,2,1
Retail,19,82,3521000.0,54000.0,241300.0,926000.0,706,48.78611231364405,48.17227252928773,0,0
Services,8,31,1888000.0,20100.0,135200.0,897000.0,114,82.20950456334957,74.29459007106598,0,0
Services,3,10,1080000.0,7700.0,73400.0,566000.0,930,78.60147075802664,88.78716028551221,0,0
Retail,1,9,702000.0,4600.0,40400.0,357000.0,599,65.63737421385476,74.106125896898,0,0
Retail,10,58,7367000.0,147500.0,466300.0,2279000.0,436,75.84280469389829,59.89990177643111,0,0
Retail,7,19,1259000.0,25300.0,87400.0,1221000.0,657,78.97755203437939,84.3820595764899,1,1
Retail,1,13,471000.0,16000.0,27900.0,344000.0,708,84.1001050412908,79.2373247870944,0,0
Manufacturing,3,12,799000.0,25600.0,41400.0,437000.0,720,95.56540099744068,83.11514573326363,0,0
Retail,19,99,9474000.0,314900.0,478400.0,2632000.0,32,90.78690058916838,75.98348434642702,0,0
Retail,5,22,1638000.0,61200.0,75100.0,667000.0,485,79.72471074896482,79.64547959645458,2,1
Manufacturing,4,25,2279000.0,29000.0,149500.0,1017000.0,652,50.40720677960646,51.99438341679946,0,0
Retail,4,19,2414000.0,71800.0,118000.0,717000.0,737,63.317700599753856,67.0754761674197,0,0
Services,2,17,2224000.0,66900.0,116800.0,1064000.0,21,80.57736453157676,58.620264223427476,0,0
Manufacturing,3,19,1196000.0,33800.0,64600.0,853000.0,433,52.34998022520148,35.27079471324765,1,1
Manufacturing,3,12,1002000.0,28900.0,61400.0,256000.0,394,39.77052390534953,52.14570817777615,0,0
Retail,1,6,556000.0,20800.0,31600.0,128000.0,522,36.58535493364714,62.57691325559922,0,0
Services,9,23,3097000.0,63500.0,199400.0,764000.0,128,82.28383984520981,54.300508307987215,0,0
Manufacturing,4,24,3357000.0,118500.0,159000.0,1400000.0,866,43.696152687117745,57.77150743273023,0,0
Logistics,11,38,2269000.0,66300.0,111700.0,1159000.0,525,65.3110442376046,75.2781986443371,0,0
Logistics,12,80,8907000.0,215000.0,530500.0,3456000.0,610,49.69727458995916,83.6781854047939,0,0
Manufacturing,2,8,598000.0,21100.0,32900.0,136000.0,865,69.41003070854624,77.22363143895831,0,0
Logistics,7,30,1076000.0,12500.0,58100.0,137000.0,887,67.79438776278198,47.99309946945136,2,1
Retail,4,15,540000.0,12600.0,25700.0,213000.0,628,74.93414982338972,65.14187110477984,2,1
Retail,13,85,7086000.0,85700.0,499300.0,3756000.0,483,73.95420533784193,78.52413938231668,0,0
Retail,2,14,1208000.0,23300.0,78300.0,448000.0,107,53.10246964905999,65.78403429607059,2,1
Retail,7,48,1794000.0,54900.0,88200.0,643000.0,506,71.5206219438103,62.11602004142025,0,0
Manufacturing,6,32,3428000.0,122200.0,163200.0,1120000.0,842,88.28155265646518,73.02240584702139,0,0
Services,3,21,1383000.0,13100.0,100500.0,288000.0,116,62.56800756008115,89.92818625257831,0,0
Retail,1,5,469000.0,7500.0,30300.0,195000.0,507,73.07947226656493,95.7471924287177,0,0
Manufacturing,7,27,1798000.0,41100.0,103000.0,631000.0,777,87.90874018184826,65.10168458136752,1,0
Manufacturing,9,37,1944000.0,30300.0,126600.0,740000.0,550,88.93476348707054,59.975705171694585,1,1
Retail,3,18,1400000.0,14700.0,93300.0,1543000.0,499,65.83121803571372,49.985240936275275,0,1
Logistics,7,23,1366000.0,25000.0,91900.0,604000.0,493,38.478702819539954,75.61847443834515,0,0
Manufacturing,4,22,2005000.0,53500.0,118200.0,883000.0,891,57.72456309983783,67.79929593679435,0,0
Retail,8,31,1732000.0,38300.0,99900.0,890000.0,181,86.98495824473301,88.63498335667643,1,1
Manufacturing,2,10,884000.0,45000.0,40800.0,482000.0,154,74.79211214283278,86.37920417449794,0,0
Retail,14,78,4019000.0,45800.0,286600.0,1369000.0,108,56.535122175213395,86.4078381751024,0,0
Manufacturing,3,21,2214000.0,58500.0,138200.0,231000.0,195,78.09541379625107,51.679765062629315,0,0
Logistics,3,16,1827000.0,53200.0,93900.0,511000.0,590,82.90534671672756,62.512177104438024,1,1
Retail,1,13,606000.0,-8800.0,43100.0,269000.0,18,75.1156539144066,65.30419387932874,0,0
Services,1,12,1009000.0,15700.0,71600.0,64000.0,620,50.44779379385527,73.15758620960993,0,0
Manufacturing,5,34,1443000.0,16800.0,105400.0,113000.0,403,77.24827837313651,58.50110161686867,0,0
Retail,2,15,1467000.0,20000.0,102500.0,123000.0,286,74.17439890980513,87.23100286556664,0,0
Manufacturing,11,73,4582000.0,41000.0,335700.0,1904000.0,809,73.56828751390432,74.2036207032264,0,0
Services,1,12,1085000.0,33100.0,57000.0,326000.0,146,95.88387137181654,62.346219788716716,0,0
Services,3,12,1072000.0,11200.0,74000.0,555000.0,598,87.63021658556808,81.6118985746289,0,0
Retail,3,18,2377000.0,33000.0,162700.0,539000.0,830,53.856627349252015,89.24170666323484,0,0
Logistics,1,6,556000.0,24100.0,29000.0,231000.0,918,50.07745918423075,48.74934619704868,0,0
Services,1,7,674000.0,24900.0,32700.0,142000.0,607,87.64103511377802,58.7710199403351,0,0
Retail,4,28,2161000.0,27700.0,157300.0,395000.0,526,93.04090609573056,90.76925235057065,0,0
Retail,5,32,4309000.0,124600.0,232600.0,1621000.0,700,80.53701034672497,72.55440774364436,0,0
Manufacturing,4,33,3848000.0,49400.0,268500.0,2798000.0,826,78.09610520548604,56.88368019977788,0,1
Manufacturing,5,23,1494000.0,46700.0,68600.0,762000.0,66,45.583353448770566,66.93799670461517,0,0
Services,6,26,3215000.0,115800.0,149200.0,2630000.0,304,52.91357457341028,78.9728447242484,0,0
Services,1,11,884000.0,-4700.0,51800.0,164000.0,460,90.70373324156857,88.22928053074246,0,0
Retail,4,29,3538000.0,104700.0,185400.0,1583000.0,251,73.93801747718275,94.02383562592857,0,0
Retail,20,41,4978000.0,91600.0,322600.0,820000.0,803,74.65905004710626,95.91080249235436,0,0
Retail,5,34,1864000.0,45400.0,114400.0,241000.0,505,59.45385582163172,73.35818509330414,0,0
Logistics,7,24,2607000.0,90100.0,125000.0,1150000.0,294,71.31655405745228,27.762046747678177,0,0
Services,3,10,655000.0,24400.0,33000.0,265000.0,58,94.93540735567574,55.83869791864944,0,0
Services,9,50,3312000.0,71500.0,187100.0,468000.0,896,84.38351944027428,58.298330649528985,2,1
Logistics,9,42,2777000.0,89500.0,141500.0,300000.0,780,78.44763986397895,62.85026647702647,0,0
Retail,5,27,3002000.0,33700.0,203000.0,1409000.0,939,52.00428729877591,67.22945061413124,0,0
Manufacturing,23,141,8338000.0,207600.0,477600.0,3655000.0,373,84.11643578118387,59.50996470827234,0,0
Manufacturing,1,8,281000.0,8300.0,13600.0,60000.0,660,77.97317177711453,75.32051998655487,0,0
Services,1,9,991000.0,34200.0,58600.0,829000.0,582,75.15388539972292,91.35085342393853,2,1
Retail,9,45,2384000.0,86400.0,115200.0,267000.0,540,63.76193228419106,85.29122246858564,0,0
Manufacturing,10,55,2528000.0,86000.0,124800.0,767000.0,704,64.46450147528299,50.62238931359083,0,0
Manufacturing,1,7,420000.0,12800.0,22000.0,25000.0,476,33.810760837983,82.15441883321417,0,0
Logistics,2,14,1048000.0,8800.0,72800.0,258000.0,115,24.95889223420517,86.42806939202475,1,1
Manufacturing,1,12,1020000.0,7900.0,72700.0,89000.0,706,96.0998231928284,80.07644248188036,0,0
Manufacturing,3,20,794000.0,15200.0,54400.0,228000.0,475,64.42671112250838,82.68208105542463,0,0
Retail,9,61,8352000.0,225400.0,459500.0,4808000.0,783,75.16931560044698,73.45572588724512,0,0
Logistics,5,33,3636000.0,113800.0,193900.0,990000.0,282,65.90267977437819,44.439877376680556,0,0
Logistics,3,27,1861000.0,38600.0,113400.0,135000.0,897,79.69689526903376,67.4919672994037,0,0
Manufacturing,3,11,753000.0,19900.0,49500.0,174000.0,376,85.58098992391979,71.48475950538564,0,0
Logistics,1,12,985000.0,17700.0,72100.0,422000.0,422,89.51058825285638,73.2395094418817,0,0
Manufacturing,3,24,2418000.0,68500.0,119600.0,567000.0,51,76.78016114983971,54.66292364797,0,0
Retail,7,36,1813000.0,60800.0,85600.0,739000.0,482,46.96884012263459,39.522404105749644,0,0
Logistics,22,135,7403000.0,129400.0,480700.0,1738000.0,730,58.673965615457405,89.12125123317963,0,0
Retail,12,63,7890000.0,100800.0,542200.0,2064000.0,273,50.87794657803346,80.39626511235,2,1
Services,1,11,681000.0,1400.0,47100.0,226000.0,523,93.20415193677593,73.33920681377212,0,0
Logistics,14,45,3371000.0,83000.0,217400.0,1771000.0,681,32.586788488163414,88.56114617501446,0,0
Retail,10,28,3542000.0,44700.0,255300.0,370000.0,764,74.50029553717584,73.74920663671732,1,0
Manufacturing,10,58,6069000.0,157700.0,363400.0,890000.0,323,77.72446820691937,58.31393249894597,1,1
Retail,4,22,1559000.0,25900.0,110600.0,552000.0,626,40.01861451798256,50.78069632317469,0,1
Retail,4,16,1709000.0,12700.0,123800.0,896000.0,287,55.368602162939894,87.73385763977795,0,0
Manufacturing,3,19,704000.0,6900.0,48700.0,847000.0,639,79.33324334422606,91.16445256138083,1,1
Services,1,6,673000.0,24200.0,36600.0,197000.0,124,62.55662123641752,59.658600685727514,0,0
Retail,2,14,1206000.0,42200.0,61800.0,343000.0,669,78.09047642660235,72.37759548462334,0,0
Services,2,13,1565000.0,30500.0,95300.0,583000.0,693,59.474400760701805,90.43621014315755,0,0
Retail,4,23,3110000.0,65800.0,181300.0,1020000.0,274,91.02387573771435,74.34370542377991,0,0
Logistics,9,56,7404000.0,125200.0,518100.0,5997000.0,671,87.21864131635357,83.13488961225269,0,0
Retail,4,29,3784000.0,130400.0,183800.0,1843000.0,756,77.91263986074037,77.70257955592825,0,0
Retail,1,14,1243000.0,35200.0,65800.0,526000.0,921,79.53638000421216,60.747107796240094,0,0
Retail,19,77,5607000.0,95300.0,372900.0,1673000.0,282,45.00370221281322,57.30424512395312,1,1
Manufacturing,18,114,9556000.0,331500.0,462900.0,2685000.0,46,91.14516318846779,61.68813849645284,0,0
Logistics,10,38,4083000.0,118000.0,223200.0,1510000.0,937,40.53646003027781,47.56214111161694,0,0
Retail,29,90,11504000.0,319300.0,649700.0,3196000.0,825,82.34511768575256,47.51852658336133,0,0
Manufacturing,5,39,2213000.0,44100.0,139300.0,617000.0,745,73.92241067705017,87.62772506256044,1,1
Retail,20,62,8147000.0,260800.0,408800.0,1046000.0,191,41.18686087586822,89.35474282460976,0,0
Manufacturing,1,12,1447000.0,18700.0,100600.0,198000.0,118,92.1026359604739,90.90543373790373,0,0
Services,3,10,1378000.0,31000.0,80100.0,405000.0,250,45.98730004625285,67.52492766362997,0,0
Services,2,15,1911000.0,34800.0,135800.0,882000.0,107,63.868640156586174,80.48446355954671,0,0
Services,2,9,580000.0,23700.0,34000.0,110000.0,215,67.87262761339245,52.707054218105256,1,1
Retail,1,12,554000.0,17400.0,29600.0,172000.0,825,71.651736085436,42.31339514173065,0,0
Manufacturing,6,40,1871000.0,52600.0,93100.0,416000.0,913,66.970995862059,88.32626101076804,0,0
Services,10,29,1902000.0,61300.0,87400.0,430000.0,757,89.00899361136638,46.377221174258004,0,0
Retail,6,17,1691000.0,38700.0,102300.0,1975000.0,939,67.32639179013044,42.86343656240796,0,1
Services,1,9,1075000.0,39900.0,52400.0,513000.0,781,78.02905670083173,75.24868442082578,2,1
Services,10,48,6212000.0,163100.0,351600.0,554000.0,611,59.28497430414308,35.21409842747683,0,0
Services,7,27,2713000.0,53900.0,168300.0,2454000.0,49,63.497129782753404,57.444343915203476,0,1
Retail,3,14,498000.0,10200.0,26600.0,111000.0,131,55.62079274012852,66.68826532573932,0,0
Retail,7,17,928000.0,30100.0,47000.0,508000.0,702,68.53462558434578,83.84981204484187,0,0
Services,2,20,909000.0,-4300.0,61000.0,183000.0,472,87.38739664370434,72.30698153251127,0,0
Retail,3,25,1829000.0,12100.0,131500.0,310000.0,485,77.0928922278783,78.82447540767184,0,0
Manufacturing,15,66,5784000.0,195900.0,281100.0,1932000.0,949,55.340812868798416,91.76502884813311,1,1
Retail,3,13,514000.0,26700.0,25800.0,240000.0,934,82.7224660045232,86.80600482458821,0,0
Services,4,21,1503000.0,10100.0,108600.0,220000.0,802,46.26834128253874,63.27374918074414,0,0
Logistics,14,73,3928000.0,144700.0,184100.0,1590000.0,413,70.68197048371758,62.71379536440785,1,1
Retail,8,45,4632000.0,51000.0,336800.0,825000.0,611,81.86102208864938,33.57910990285222,0,0
Manufacturing,1,10,837000.0,41600.0,38500.0,941000.0,131,35.77488015756795,62.754374849327775,0,1
Retail,1,12,1044000.0,24200.0,72900.0,95000.0,376,89.95900129410778,82.45628710529813,0,0
Services,1,5,400000.0,11200.0,21700.0,203000.0,218,52.70155789891713,91.16170682647426,1,1
Manufacturing,6,34,4603000.0,50000.0,329800.0,1360000.0,160,76.67428308980769,42.55411161780265,2,1
Retail,4,19,1093000.0,26200.0,59600.0,661000.0,458,73.91907761721839,34.99301457665832,0,1
Services,1,13,1160000.0,20700.0,74000.0,623000.0,741,92.6589743744041,91.63574953650345,0,0
Logistics,20,122,13698000.0,480000.0,658000.0,7468000.0,631,88.8626315301163,63.11484859113785,0,0
Logistics,5,29,2711000.0,88000.0,142300.0,1017000.0,875,50.79227064800419,59.949367997169276,0,0
Logistics,2,11,1458000.0,27100.0,97800.0,166000.0,311,87.42080014753091,67.20531525546953,0,0
Retail,5,38,2838000.0,69900.0,171300.0,860000.0,882,81.42673801350281,53.039149245585,0,0
Retail,7,48,4017000.0,58200.0,286600.0,1264000.0,595,86.43940396990885,47.90176197036691,1,1
Services,1,9,399000.0,25200.0,23000.0,123000.0,501,47.91061955835874,97.18112452125881,0,0
Services,2,17,1682000.0,23900.0,117300.0,563000.0,781,75.64039579084198,42.833008976620306,0,0
Services,10,44,2872000.0,81000.0,167100.0,170000.0,245,91.46903466033464,65.33102322558888,0,0
Services,4,13,674000.0,4400.0,49000.0,603000.0,217,89.53927519638412,34.42449608432543,0,1
Retail,5,24,2212000.0,34000.0,159800.0,899000.0,376,76.54429354845638,92.39213632331166,0,0
Retail,4,9,818000.0,31800.0,44900.0,88000.0,409,93.9042806040579,72.80583573125284,0,0
Logistics,1,9,387000.0,13100.0,27200.0,130000.0,262,72.72060413740266,70.19949213108096,0,0
Retail,2,19,2058000.0,30000.0,142300.0,688000.0,454,78.93740077019568,79.44892889196163,0,0
Logistics,4,17,1708000.0,48800.0,88200.0,668000.0,928,74.19801353855134,89.32667916314428,0,0
Logistics,2,18,987000.0,8900.0,62200.0,91000.0,410,49.38730897778705,88.596815948387,1,1
Services,1,11,927000.0,32600.0,44300.0,743000.0,775,82.53289951299854,42.34169670441801,0,1
Retail,12,69,7634000.0,122900.0,525500.0,1453000.0,670,64.93780289042894,65.59167911577245,0,0
Retail,24,76,6885000.0,222700.0,348600.0,2090000.0,809,64.71684660817905,93.91916603895548,0,0
Manufacturing,10,51,3903000.0,145000.0,186500.0,1704000.0,370,75.09620981011807,79.96295488467743,0,0
Retail,12,68,4681000.0,130700.0,266100.0,4161000.0,415,67.74161568935176,84.98305678235634,0,0
Manufacturing,2,14,1387000.0,27700.0,85600.0,152000.0,255,87.52955446857766,45.864093339017124,0,0
Retail,20,61,8150000.0,124600.0,565100.0,2817000.0,355,71.65063733217609,60.279150721605,0,0
Retail,2,13,1372000.0,-8500.0,99600.0,733000.0,901,65.31556082020849,78.31708245455155,0,0
Retail,19,47,2014000.0,41500.0,116600.0,259000.0,243,78.33130743861602,83.36949527438618,0,0
Retail,30,99,8254000.0,288500.0,392000.0,8679000.0,557,91.95776218274044,49.48022489867566,0,0
Manufacturing,8,19,2442000.0,34700.0,162200.0,980000.0,635,73.13281452229162,76.01123187577356,0,0
Manufacturing,24,102,4582000.0,103300.0,281200.0,2002000.0,945,88.43976299406577,83.94559740283293,0,0
Services,6,31,4304000.0,110700.0,250300.0,822000.0,553,72.06559874894653,67.42091780934634,2,1
Retail,2,17,2289000.0,69500.0,124400.0,444000.0,869,55.73274130345285,87.20213217221217,0,0
Manufacturing,4,14,605000.0,19100.0,36100.0,304000.0,686,47.261394288360776,76.94687964004461,0,0
Retail,6,26,3458000.0,89900.0,190700.0,795000.0,543,27.43348289295202,45.62357285531963,0,0
Logistics,1,9,658000.0,1200.0,43900.0,54000.0,281,98.55255440360003,64.35088273745329,0,0
Manufacturing,6,34,4206000.0,98000.0,255700.0,1473000.0,143,75.57137277665863,75.74573997816336,0,0
Retail,24,50,3947000.0,47800.0,276100.0,444000.0,234,40.49099409226757,71.25617533195314,0,0
Manufacturing,2,16,1301000.0,16800.0,79100.0,583000.0,96,56.73601956007954,70.08893493392408,0,0
Manufacturing,10,25,2540000.0,86300.0,133100.0,2079000.0,575,56.99625571792794,46.694004898717004,1,1
Retail,15,81,9422000.0,143900.0,652400.0,4592000.0,567,76.6291205213898,73.45681773995955,3,1
Retail,18,61,2351000.0,64600.0,143800.0,1040000.0,34,82.66988597836747,58.24918868914779,0,0
Retail,20,41,3989000.0,128400.0,205500.0,423000.0,341,68.7883679690064,66.9385626366255,0,0
Logistics,5,28,1529000.0,36100.0,96300.0,368000.0,51,71.70457469711704,49.73873421322014,0,0
Services,23,96,6847000.0,200300.0,381200.0,2994000.0,396,74.91081156975926,42.942753621793635,0,0
Retail,9,36,2575000.0,31700.0,177800.0,666000.0,926,91.75871503166155,69.18860696965385,0,0
Retail,2,5,421000.0,19500.0,24500.0,226000.0,53,82.38152409139614,73.92168283955908,1,1
Logistics,4,22,1542000.0,29200.0,101500.0,644000.0,123,37.40019380946714,70.84154955774093,0,0
Retail,8,30,1388000.0,55700.0,67300.0,177000.0,443,84.81523998513164,81.55083556926066,0,0
Retail,2,5,251000.0,8200.0,14200.0,123000.0,78,79.4767442349488,68.6261943776959,0,0
Manufacturing,7,46,1772000.0,28900.0,129100.0,178000.0,189,83.0556324702287,67.07372894100884,1,1
Manufacturing,7,36,3038000.0,48200.0,206800.0,365000.0,805,67.96598354493986,63.732251981961454,0,0
Services,2,15,2028000.0,55200.0,101900.0,846000.0,46,93.40983305180403,96.6394138521257,0,0
Services,5,34,1603000.0,59500.0,85700.0,773000.0,735,75.01264486334371,88.34082110067193,0,0
Logistics,9,51,6852000.0,187200.0,376200.0,2180000.0,905,65.53088124340137,65.56341743936622,0,0
Retail,5,21,2352000.0,56100.0,149900.0,458000.0,545,67.69776467772193,69.27536698039246,0,0
Manufacturing,1,8,815000.0,12900.0,54300.0,406000.0,120,77.06251469901503,93.05681801982382,0,0
Manufacturing,1,9,925000.0,25000.0,61500.0,205000.0,496,86.10806774227038,71.38862419125735,0,0
Retail,3,12,1462000.0,43400.0,87500.0,312000.0,220,73.38636121385326,89.4987806711851,1,1
Retail,16,56,2589000.0,42800.0,176400.0,444000.0,261,61.459883640149606,49.64752109438919,1,1
Logistics,2,16,1408000.0,39900.0,81500.0,499000.0,849,79.08612674349462,67.55824169807133,0,0
Logistics,7,19,2056000.0,73500.0,101200.0,1028000.0,693,72.04015636062196,69.11180254964154,0,0
Retail,2,12,1159000.0,9400.0,71100.0,236000.0,103,75.93991701435995,97.03392139639398,0,0
Services,3,22,2694000.0,31400.0,194000.0,386000.0,330,54.27607889644204,95.43464985506124,0,0
Logistics,12,65,2768000.0,34500.0,187200.0,1299000.0,25,75.54233450992342,66.35676270223479,0,0
Retail,8,44,4731000.0,103500.0,292100.0,1991000.0,63,83.17277326795272,75.16608059874667,0,0
Retail,1,5,455000.0,-100.0,28900.0,235000.0,925,93.39509081907549,20.361250934913834,2,1
Retail,4,31,2319000.0,18200.0,165600.0,308000.0,910,44.09007989152036,21.457188467631415,1,1
Manufacturing,1,7,495000.0,25600.0,28500.0,60000.0,587,56.590074658366404,78.40863383383864,0,0
Retail,4,21,2104000.0,68300.0,115600.0,675000.0,185,83.83774301201248,70.69105416578881,0,0
Logistics,7,47,6042000.0,64200.0,439300.0,2158000.0,157,79.72022309944529,81.599090606768,1,1
Manufacturing,1,7,610000.0,9900.0,42400.0,177000.0,221,81.86534082385937,84.6725784146744,0,0
Manufacturing,3,7,851000.0,22300.0,46600.0,656000.0,477,67.04388682183294,64.25970284098821,0,0
Manufacturing,4,13,1004000.0,29400.0,58800.0,141000.0,523,76.59909268601258,93.13143180022207,0,0
Manufacturing,16,102,4667000.0,116300.0,267200.0,1353000.0,215,47.912897353472154,75.20829814191508,1,0
Services,30,189,7836000.0,269600.0,391300.0,2970000.0,19,80.02783849258176,72.87378926201117,0,0
Logistics,1,5,202000.0,200.0,14600.0,54000.0,225,57.52029542325312,85.63659671434584,0,0
Retail,9,59,4420000.0,113300.0,251700.0,1723000.0,43,83.51149807046288,55.987681443624425,0,0
Manufacturing,3,18,1267000.0,17200.0,88600.0,349000.0,204,50.89023404226547,58.97363025266178,0,0
Retail,3,24,2649000.0,80800.0,135200.0,1267000.0,202,67.47977583387943,61.36408270232167,0,0
Retail,9,46,5198000.0,119200.0,316600.0,1049000.0,851,68.85296746542632,64.61964803501579,0,0
Manufacturing,16,88,3550000.0,126500.0,165000.0,907000.0,781,99.37596744044711,82.31599890687808,1,0
Retail,19,96,5589000.0,95900.0,373600.0,344000.0,164,99.48244263203362,82.19835799877414,1,0
Retail,6,32,2042000.0,53700.0,126200.0,785000.0,539,47.853367843677006,80.03784801525823,2,1
Retail,3,19,1757000.0,29900.0,110800.0,830000.0,898,76.22274223779792,73.46398046856285,0,0
Retail,10,55,2760000.0,98600.0,130400.0,627000.0,380,69.77923490135653,68.94955384106139,0,0
Manufacturing,2,12,589000.0,22400.0,30400.0,95000.0,171,42.43793630531744,80.1158615590695,0,0
Retail,5,31,4157000.0,143900.0,199000.0,2259000.0,94,87.97745345503706,66.4645171943469,1,1
Retail,3,27,3225000.0,99100.0,173400.0,1294000.0,882,82.84669363056801,52.71489467118332,0,0
Retail,7,36,1943000.0,43800.0,122600.0,220000.0,287,63.568022969665606,59.459816069683555,0,0
Services,2,17,1321000.0,37600.0,81100.0,310000.0,674,61.38021399445759,76.51328609931389,0,0
Logistics,2,7,506000.0,5600.0,31700.0,212000.0,732,88.26571566479511,52.346729116038745,0,0
Manufacturing,16,51,6021000.0,127300.0,366900.0,1186000.0,640,75.73622593309996,80.04896798859158,0,0
Manufacturing,1,7,620000.0,16100.0,33100.0,209000.0,532,77.49371053053561,72.83979738555443,0,0
Retail,5,18,872000.0,19100.0,45800.0,225000.0,804,80.99283500869046,42.29743420579582,0,0
Manufacturing,2,8,901000.0,34900.0,44700.0,98000.0,246,91.12208739374351,79.22612522903565,0,0
Retail,1,4,307000.0,-4900.0,21200.0,66000.0,663,87.62547819915059,71.53173530501142,0,0
Services,1,15,939000.0,37900.0,59000.0,387000.0,174,42.67198605858642,67.34660078729291,0,0
Retail,2,20,1489000.0,58600.0,75900.0,530000.0,358,65.57012087921957,97.52099640227293,0,0
Retail,13,40,3491000.0,114000.0,177000.0,384000.0,303,61.842975301072,84.53741856839945,2,1
Retail,2,10,710000.0,16500.0,49600.0,93000.0,219,88.68338667528292,56.04405272316365,0,0
Retail,19,58,3503000.0,46700.0,232100.0,1297000.0,852,52.702706455585634,80.0907714711959,0,0
Retail,6,25,1921000.0,57400.0,122900.0,877000.0,319,68.76777204244408,51.575692653063335,0,0
Services,4,24,888000.0,18700.0,50600.0,200000.0,374,90.56400959344721,90.71649516387446,0,0
Retail,6,26,3019000.0,90500.0,160100.0,1050000.0,684,39.88056494742864,60.84245061696683,0,0
Services,5,33,1747000.0,3600.0,127100.0,236000.0,884,77.24230874661659,65.33993531994491,1,1
Services,9,27,1069000.0,20600.0,72400.0,220000.0,414,70.12076835042524,86.48909448607179,1,0
Manufacturing,2,12,1244000.0,27500.0,67300.0,75000.0,463,80.86454346351054,87.70180935213929,0,0
Manufacturing,3,10,1163000.0,17300.0,80400.0,505000.0,120,80.90562071524502,74.34790595998115,0,0
Manufacturing,14,85,10238000.0,165900.0,682900.0,2565000.0,96,47.073903204580475,49.22591564463081,1,1
Manufacturing,18,110,9550000.0,271500.0,515700.0,4374000.0,356,89.01212983541038,79.75225322852874,0,0
Manufacturing,14,33,1867000.0,41600.0,107500.0,755000.0,796,83.07992891723384,56.8725386828871,0,0
Logistics,4,9,1012000.0,34500.0,51600.0,470000.0,435,56.82451473477379,36.280927825478,3,1
Manufacturing,10,27,2929000.0,90600.0,143200.0,565000.0,63,53.87583061636898,74.25781866524731,0,0
Retail,4,28,1704000.0,24000.0,112000.0,243000.0,220,31.946000460201308,79.25311922482456,0,0
Services,5,21,2727000.0,87600.0,145000.0,1462000.0,232,60.66683927156904,78.84543017645682,0,0
Manufacturing,2,12,552000.0,29100.0,37700.0,226000.0,832,74.71761802981518,74.7442155511142,0,0
Services,6,36,4975000.0,54200.0,364200.0,5128000.0,690,93.52185699737922,69.72437989442467,0,0
Retail,2,14,1755000.0,54800.0,84100.0,219000.0,450,69.22382660257897,60.475900107082126,0,0
Manufacturing,3,13,1394000.0,31200.0,82000.0,699000.0,805,65.97480502789921,58.73566160254568,0,0
Logistics,12,56,7480000.0,115800.0,507800.0,3152000.0,336,55.87383112305946,88.85610476752265,0,0
Retail,2,18,1995000.0,28800.0,134700.0,178000.0,245,82.71125613640274,56.00582452059382,0,0
Services,1,12,660000.0,18200.0,44000.0,220000.0,725,85.1790088357695,83.62618586152682,0,0
Logistics,1,8,651000.0,19900.0,36100.0,380000.0,501,80.5922733632341,85.79888215270073,1,1
Services,17,103,4378000.0,116800.0,255300.0,568000.0,443,38.09090226866289,82.33896902642816,0,0
Retail,5,19,1442000.0,28000.0,89700.0,242000.0,897,86.83385864199853,82.04385354714782,0,0
Manufacturing,4,27,3047000.0,43200.0,221300.0,586000.0,740,82.85219548025177,69.16373481681394,0,0
Logistics,10,46,3477000.0,97700.0,190700.0,813000.0,298,95.51367810301113,65.2700299337314,0,0
Services,11,31,2160000.0,18400.0,153800.0,790000.0,500,72.95244124142482,78.30241472627824,1,1
Services,3,18,1755000.0,70300.0,93400.0,300000.0,290,87.28401180244873,31.593821687649843,0,0
Retail,8,29,3671000.0,23200.0,268100.0,693000.0,447,74.80972703583801,55.48187364813359,0,0
Retail,9,50,2000000.0,32300.0,128500.0,998000.0,199,76.91503609984998,70.13583978638968,0,0
Logistics,7,28,2113000.0,47300.0,123800.0,599000.0,736,77.0545290537229,93.41586665146538,0,0
Retail,1,6,310000.0,26500.0,19400.0,76000.0,647,58.0573677468774,51.3067429600246,0,0
Services,13,30,3240000.0,111700.0,172800.0,1335000.0,230,59.964506186482126,87.45899018089897,0,0
Services,5,22,1014000.0,42400.0,54100.0,512000.0,111,66.35513411226871,82.42263918331888,0,0
Retail,2,17,1782000.0,58700.0,87200.0,111000.0,133,93.69179233751218,56.989407053614194,0,0
Logistics,4,28,1821000.0,82000.0,89200.0,499000.0,379,81.72408591210757,73.86114055312449,0,0
Logistics,1,9,503000.0,17000.0,27900.0,179000.0,808,68.71426334715566,58.16202192764405,0,0
Manufacturing,1,11,1466000.0,32100.0,97900.0,307000.0,417,65.01894658788628,48.15199331715171,0,1
Services,9,51,1884000.0,40600.0,117800.0,822000.0,632,41.46544012388689,92.51091479554151,0,0
Retail,1,9,729000.0,24900.0,35500.0,391000.0,411,93.81260815461194,46.433695844107056,0,0
Services,4,21,783000.0,9000.0,54200.0,902000.0,472,71.01412554636164,69.85994040076513,0,1
Retail,5,33,2831000.0,57600.0,176600.0,518000.0,332,70.78853458040403,68.78455172616869,0,0
Services,1,15,1314000.0,19500.0,94900.0,214000.0,396,90.33493149835799,42.17163047635084,1,1
Retail,22,72,4952000.0,97400.0,318200.0,2618000.0,156,95.48244343759666,72.9799624717078,1,1
Manufacturing,2,10,489000.0,15700.0,24800.0,137000.0,471,69.49535047366746,78.13921882085243,1,1
Services,3,23,1714000.0,54000.0,100900.0,264000.0,515,33.719140488215885,61.49531436101029,0,0
Manufacturing,3,15,1584000.0,7500.0,100800.0,639000.0,921,49.08389314802191,86.9760670557803,0,0
Retail,2,9,1054000.0,42800.0,49100.0,447000.0,337,77.421517083405,78.6852844754241,0,0
Services,1,3,272000.0,15800.0,12600.0,50000.0,282,35.772929676623264,83.33581302337024,1,1
Services,8,51,4944000.0,177000.0,244200.0,2421000.0,817,93.1963764682309,61.07655700305487,0,0
Retail,21,88,4934000.0,150300.0,260300.0,1429000.0,501,67.2575841459777,56.05369188764029,0,0
Retail,2,11,717000.0,20100.0,41300.0,59000.0,892,61.91311852524092,50.53086517371103,0,0
Retail,7,51,2652000.0,71800.0,157100.0,490000.0,693,91.1919079873598,75.94335125283102,0,0
Retail,9,40,2447000.0,94400.0,121400.0,865000.0,174,83.512583912969,91.32833147723554,0,0
Retail,12,27,1583000.0,27600.0,101900.0,177000.0,757,85.3767405552909,56.16050743789456,0,0
Logistics,4,17,1522000.0,34300.0,94700.0,435000.0,28,84.75670172976015,47.070240422566386,1,1
Logistics,3,12,1129000.0,46600.0,60900.0,411000.0,719,78.19806682226255,81.8550395959057,0,0
Logistics,3,25,3355000.0,107600.0,155000.0,1592000.0,169,90.9077107463967,76.53229357384053,0,0
Logistics,8,56,3110000.0,104400.0,149200.0,513000.0,115,93.44517878087078,46.23379671671854,0,0
Manufacturing,11,56,5733000.0,165000.0,324500.0,2630000.0,586,95.24493134608343,72.05712241024735,0,0
Retail,2,14,1691000.0,65000.0,84700.0,625000.0,57,51.4579712475929,75.48257485634072,0,0
Manufacturing,3,20,1877000.0,55100.0,105500.0,729000.0,207,46.42007137656739,80.91340816604958,0,0
Retail,14,86,5313000.0,103900.0,335300.0,1410000.0,325,74.02817963052708,46.91934530903203,0,0
Retail,10,31,1940000.0,36500.0,118100.0,208000.0,635,64.11533550718043,64.79969972678148,0,0
Services,26,164,6416000.0,195000.0,334900.0,2612000.0,619,25.202325276415998,85.33369180391874,0,0
Retail,9,42,2817000.0,91400.0,155700.0,988000.0,742,81.08854470810509,46.74645140104269,1,0
Manufacturing,3,23,2603000.0,48600.0,163300.0,360000.0,479,86.3478118938309,91.11196777517372,0,0
Manufacturing,6,45,1800000.0,25700.0,125100.0,412000.0,177,66.03685135147259,55.11011568496663,0,0
Logistics,7,16,928000.0,9500.0,61800.0,350000.0,365,89.62667052289707,29.531354775304823,0,0
Retail,1,10,1092000.0,31000.0,66700.0,182000.0,248,52.130872462456864,44.613689225863176,0,0
Manufacturing,5,19,2226000.0,57000.0,124200.0,316000.0,942,56.079796540095074,62.62732404223501,0,0
Manufacturing,8,49,4058000.0,110700.0,226700.0,223000.0,417,75.76382712335158,66.54703480562777,0,0
Logistics,2,13,1408000.0,5300.0,98600.0,402000.0,365,80.01192129555693,53.63851751783868,0,0
Manufacturing,10,48,3635000.0,119500.0,170500.0,961000.0,181,60.64679875492598,89.16370079174777,0,0
Services,6,27,1398000.0,14500.0,102100.0,233000.0,162,74.38644448857941,82.38439958971611,0,0
Logistics,19,61,4685000.0,79500.0,300300.0,794000.0,42,57.87479006239767,76.1445700547668,1,1
Manufacturing,1,6,575000.0,27700.0,37100.0,152000.0,273,97.08861266524441,63.17762534893885,0,0
Manufacturing,2,15,2018000.0,57100.0,94600.0,896000.0,942,69.67995634806144,75.65809542545398,0,0
Services,6,39,1647000.0,27900.0,102900.0,1482000.0,612,47.65217245457238,97.70653749728054,0,0
Retail,3,9,794000.0,19300.0,47000.0,381000.0,634,95.6610826100362,56.87570641273575,0,0
Retail,8,22,1530000.0,50000.0,74600.0,84000.0,456,65.34445311805311,74.7529682515561,0,0
Services,9,44,3888000.0,107300.0,207900.0,2073000.0,643,80.25502224315562,37.831237680708995,0,0
Services,1,9,338000.0,-3300.0,23800.0,75000.0,890,38.00275206566208,47.57776474839455,0,0
Services,5,27,1832000.0,33000.0,111700.0,999000.0,541,89.87526444072907,52.10331374652769,0,0
Logistics,5,27,3269000.0,83100.0,187000.0,576000.0,225,66.65781142956887,59.32020388826891,0,0
Retail,3,8,745000.0,42100.0,35600.0,213000.0,844,67.36554550441933,58.08738007938932,0,0
Manufacturing,17,104,8560000.0,153600.0,560400.0,1943000.0,557,75.33026799464633,60.48466002422956,0,0
Logistics,11,35,2274000.0,50800.0,148200.0,518000.0,459,85.33443025867675,84.70822405345909,0,0
Retail,8,49,3248000.0,71000.0,203700.0,1530000.0,808,78.75082395930016,65.59212728158246,0,0
Retail,8,33,2482000.0,67100.0,148600.0,1050000.0,467,56.74624695895106,77.14155207629165,2,1
Services,4,15,1841000.0,24700.0,106300.0,1005000.0,711,61.2857734684061,49.730818527003336,2,1
Manufacturing,16,85,11607000.0,243400.0,721400.0,4141000.0,418,65.42228004638531,63.755558996449444,0,0
Retail,8,51,4134000.0,139000.0,216000.0,1164000.0,80,42.31470974019393,57.71856967284287,0,0
Manufacturing,8,41,3128000.0,31800.0,224300.0,297000.0,419,63.93900535341586,76.27487679046494,0,0
Retail,12,30,3717000.0,93300.0,230500.0,4498000.0,897,66.25791790465777,58.45325198677451,0,1
Manufacturing,2,13,1038000.0,41900.0,56500.0,338000.0,842,44.22318435752601,96.2644175451195,0,0
Manufacturing,10,59,5485000.0,134100.0,319200.0,2195000.0,589,32.27065091997347,59.75080059215407,0,0
Manufacturing,2,12,711000.0,6900.0,48300.0,180000.0,449,64.7501588160498,88.01070859374718,0,0
Retail,3,19,2148000.0,62900.0,108000.0,696000.0,242,89.38579131236057,90.3483166728651,0,0
Logistics,3,13,1181000.0,29800.0,63600.0,616000.0,490,90.0030272718412,80.25042619365065,0,0
Retail,24,126,15114000.0,274400.0,975200.0,4443000.0,482,85.81956666037132,76.89256701489448,0,0
Services,12,54,6317000.0,185500.0,344300.0,1239000.0,115,83.45816765440964,57.084919898455766,0,0
Retail,8,53,3052000.0,36300.0,206400.0,385000.0,437,76.6546582427944,73.47562608966834,0,0
Retail,8,28,3084000.0,109400.0,152400.0,3036000.0,370,56.810083384642354,91.34353922351688,0,0
Services,5,19,2261000.0,42300.0,151100.0,183000.0,153,63.747850750859314,82.58589533511602,0,0
Manufacturing,18,39,2782000.0,85800.0,132700.0,253000.0,645,86.15835618464833,61.90514841337136,0,0
Services,5,28,1487000.0,67600.0,68700.0,654000.0,583,87.14018616165227,60.373309781394234,0,0
Manufacturing,3,22,776000.0,14100.0,54700.0,238000.0,145,92.15472297924295,74.48225514500447,1,1
Services,2,15,1235000.0,32600.0,76300.0,313000.0,563,76.68225089087254,69.78572641511813,0,0
Manufacturing,10,21,1512000.0,36000.0,83900.0,242000.0,482,72.19664010566429,50.823291643993386,0,0
Services,8,39,3637000.0,118100.0,190000.0,1923000.0,494,68.52118965427238,74.47200437926624,1,1
Retail,3,16,876000.0,27000.0,55000.0,461000.0,125,71.11446613024029,39.88973863365075,0,0
Services,1,9,1127000.0,25700.0,67400.0,214000.0,167,81.79497103008889,76.35397060542839,1,0
Manufacturing,11,23,1427000.0,30600.0,104300.0,593000.0,931,95.7960946024809,65.76292667485427,0,0
Retail,1,10,588000.0,6600.0,42800.0,200000.0,776,66.53992499480808,73.6115939087791,0,1
Services,8,19,1624000.0,41700.0,102800.0,274000.0,256,37.121837794046904,63.09546857142292,0,0
Retail,22,115,10049000.0,256800.0,583000.0,1820000.0,734,68.01898080256169,54.646792355544804,0,0
Retail,4,24,1382000.0,37900.0,82000.0,408000.0,894,71.62300946253494,93.5987549964293,1,0
Logistics,2,14,890000.0,3300.0,57500.0,231000.0,696,90.02270446496098,76.65904489726685,1,1
Retail,8,36,1901000.0,69000.0,92400.0,821000.0,783,85.41018163758525,69.14712153073589,0,0
Retail,11,47,5191000.0,141900.0,284800.0,2355000.0,293,45.63460716779355,67.87360912588389,0,0
Retail,5,21,2433000.0,79500.0,116500.0,1561000.0,377,67.13975094028865,65.14779094307599,0,0
Services,21,134,11195000.0,411200.0,535700.0,4225000.0,639,47.72058085694854,87.35800451662098,0,0
Manufacturing,1,10,1100000.0,33700.0,56300.0,159000.0,422,76.37735979560654,79.99327159584846,0,0
Retail,5,29,3256000.0,70600.0,192700.0,1031000.0,189,85.32384734680764,68.9706219869403,0,0
Services,8,21,1040000.0,13700.0,70100.0,217000.0,615,76.01808073768788,69.2820606954841,0,0
Services,12,76,10370000.0,240100.0,613700.0,3248000.0,149,58.940690106906565,48.83629967082951,0,0
Retail,2,7,848000.0,35400.0,46700.0,373000.0,520,81.81193727330438,73.58155806073972,1,1
Retail,10,65,3671000.0,123800.0,176600.0,3520000.0,308,73.20549254585794,92.35027585274044,0,0
Retail,5,14,764000.0,21300.0,46600.0,174000.0,509,68.97120528455156,56.89630310832373,0,0
Manufacturing,4,13,627000.0,29700.0,33400.0,249000.0,829,88.61294904450563,59.84235143038678,0,0
Retail,1,7,347000.0,3100.0,21800.0,181000.0,885,70.10152755551039,83.28361056746843,1,1
Retail,13,60,6813000.0,76700.0,495300.0,2472000.0,433,42.29632229935731,80.81775643588568,0,0
Retail,2,17,1433000.0,41100.0,70100.0,178000.0,220,57.46543722458542,75.68756991846101,3,1
Manufacturing,3,11,1289000.0,60400.0,66600.0,503000.0,332,97.41530941780238,73.51544055272922,1,0
Services,3,13,1474000.0,43600.0,86700.0,151000.0,87,90.72513304067496,54.653965341049584,1,0
Services,13,68,6697000.0,71200.0,485300.0,3255000.0,273,73.39794922180624,67.1848320451363,0,0
Logistics,7,26,2784000.0,39100.0,186700.0,858000.0,372,65.79460802948824,94.71552429275475,0,0
Retail,10,41,1514000.0,18500.0,106800.0,367000.0,162,78.73325698765315,68.91019998618525,3,1
Retail,2,7,474000.0,10700.0,26100.0,37000.0,239,83.08467105493426,73.3445058149711,0,0
Services,6,39,3977000.0,56200.0,290800.0,956000.0,119,57.45929349514236,48.68068806341708,0,0
Logistics,6,23,828000.0,18900.0,40300.0,415000.0,570,69.60966650052679,77.90929457635578,0,0
Manufacturing,11,58,2231000.0,81500.0,105500.0,135000.0,942,78.4966918958288,69.56693417769587,0,0
Services,15,54,6720000.0,93800.0,466100.0,1931000.0,370,68.55937300056995,63.37972989099379,1,1
Services,1,6,641000.0,6800.0,45700.0,330000.0,552,80.31331144997348,87.26868828437547,0,0
Services,7,25,1572000.0,54100.0,76000.0,389000.0,830,90.39171538855827,90.29506386062405,0,0
Logistics,1,9,965000.0,32300.0,47200.0,562000.0,275,71.76295655757674,61.787158315877974,0,0
Retail,5,21,2482000.0,97800.0,116000.0,842000.0,585,52.51355226870265,72.8983333781057,0,0
Retail,3,8,538000.0,23500.0,26200.0,151000.0,587,52.163773340394535,69.9764123417906,0,0
Services,3,13,504000.0,19400.0,26000.0,149000.0,831,81.5492512895631,79.97333364173502,2,1
Services,3,12,1595000.0,-7100.0,115700.0,95000.0,940,69.40149936699888,38.83161601710697,2,1
Manufacturing,6,27,1924000.0,39200.0,123500.0,683000.0,927,83.43133232370576,48.16374999705042,0,0
Manufacturing,3,19,877000.0,800.0,59000.0,448000.0,84,78.12951265108394,88.27290947567596,0,0
Retail,8,29,2513000.0,45800.0,168800.0,259000.0,461,85.46856411094888,71.2148298454415,0,0
Services,4,33,3818000.0,98800.0,231200.0,594000.0,461,85.27102275305816,48.502895135987295,0,0
Services,1,12,699000.0,3400.0,47400.0,164000.0,797,77.32503640440619,76.39737802026593,0,0
Manufacturing,10,54,3418000.0,70000.0,212700.0,3427000.0,271,60.01136047885542,67.6088506094017,0,0
Retail,3,20,1210000.0,30100.0,65900.0,223000.0,923,45.441761453842574,92.5214991314584,0,0
Retail,4,13,1809000.0,49800.0,110800.0,888000.0,910,60.22540754563952,87.3475059662266,0,0
Services,7,40,2229000.0,51600.0,134900.0,173000.0,944,80.46226312812928,88.81126518435768,0,0
Services,3,24,2290000.0,47900.0,156800.0,1192000.0,651,90.79445282830005,77.08812649005307,0,0
Services,1,6,793000.0,11600.0,57800.0,262000.0,940,98.38311446119162,60.151352972285224,0,0
Retail,3,18,908000.0,25700.0,51900.0,344000.0,545,71.85472400973067,52.31284114007322,0,0
Retail,18,98,13420000.0,222100.0,896800.0,3138000.0,133,59.12151601486579,74.03151769310965,0,0
Retail,7,51,6859000.0,244900.0,333200.0,3025000.0,846,58.68930832377435,75.59425125900296,0,0
Manufacturing,7,42,5371000.0,72800.0,360900.0,716000.0,80,56.12984778784171,56.31504115518621,1,1
Services,7,17,978000.0,27400.0,54800.0,161000.0,259,69.68330785604627,68.067205466709,0,0
Services,2,5,508000.0,18000.0,23800.0,126000.0,71,91.88147459359777,64.92024470440295,3,1
Services,4,12,1379000.0,43700.0,77000.0,658000.0,58,95.6928828911644,92.1799524696338,0,0
Services,9,51,7065000.0,144700.0,442500.0,3020000.0,538,90.58971610795199,66.87708853087935,0,0
Retail,1,6,324000.0,2800.0,15900.0,100000.0,904,86.62432357182387,69.0632367150996,0,0
Logistics,2,13,1501000.0,18200.0,106900.0,504000.0,438,75.75849589976033,56.40368360655792,1,1
Services,2,16,1129000.0,31200.0,54200.0,130000.0,762,64.19286618242073,74.39146064786054,0,0
Services,4,13,695000.0,-7100.0,49600.0,327000.0,550,76.91186415617534,95.1168741193407,0,0
Manufacturing,24,81,6419000.0,121700.0,419000.0,2847000.0,409,89.6821497098959,54.946907588894746,2,1
Retail,1,6,710000.0,24800.0,39000.0,269000.0,464,90.35171376678377,32.4398443200804,0,0
Manufacturing,5,31,2598000.0,73200.0,147000.0,735000.0,271,79.98920239454316,45.137016234396015,0,0
Services,2,7,640000.0,21400.0,42400.0,341000.0,810,67.69832538364618,61.62333378952911,1,1
Retail,22,73,10183000.0,208100.0,635200.0,4985000.0,850,91.07064574814522,53.26324233957267,0,0
Manufacturing,1,6,461000.0,-2600.0,29600.0,172000.0,375,93.59751131610234,84.94815211122454,0,0
Logistics,4,26,2590000.0,68900.0,146400.0,611000.0,777,83.94539029566903,69.5839249906654,0,0
Retail,9,34,2494000.0,57300.0,147800.0,1976000.0,620,82.48174932900473,61.26286991501916,1,1
Retail,8,17,1296000.0,6600.0,94700.0,438000.0,394,69.98385136074884,58.80172423297755,0,0
Manufacturing,4,21,2269000.0,71100.0,117300.0,561000.0,457,82.7200521706606,57.59053245606467,0,0
Logistics,3,11,1468000.0,33200.0,84200.0,298000.0,906,59.72876153527986,86.73684271486391,0,0
Retail,4,22,2023000.0,44900.0,109000.0,513000.0,548,92.36079474951117,79.50651451530038,0,0
Logistics,2,19,2198000.0,32600.0,147000.0,741000.0,488,48.86525076081302,66.0310420600315,0,0
Retail,2,9,399000.0,-2500.0,26700.0,105000.0,171,67.8479820441131,75.20876895951449,1,1
Services,4,16,915000.0,28800.0,49300.0,166000.0,103,80.17296153288564,69.58182367703644,0,0
Retail,2,14,1228000.0,38100.0,59000.0,529000.0,216,69.66906634509115,76.6570507063953,0,0
Retail,3,27,1002000.0,46200.0,46200.0,316000.0,476,61.47884603274109,94.63740290502277,0,0
Services,7,24,1477000.0,50800.0,85100.0,124000.0,495,91.60592648963046,61.05255058540489,0,0
Retail,21,86,7682000.0,206800.0,438800.0,1799000.0,723,46.3423702869032,84.59057774211593,0,0
Manufacturing,6,22,805000.0,-4100.0,58800.0,396000.0,571,63.64492928513516,68.89703416513461,0,1
Manufacturing,1,7,439000.0,22800.0,25800.0,188000.0,468,92.39235483560381,70.67116830835278,0,0
Logistics,1,4,356000.0,23500.0,18800.0,166000.0,484,78.72131888004878,51.70865417741294,0,0
Retail,19,117,11136000.0,144900.0,783300.0,5781000.0,394,71.0146776788473,94.07190432380521,0,0
Logistics,3,16,2115000.0,61300.0,125500.0,187000.0,415,63.347110458018754,72.34148156408705,0,0
Manufacturing,1,5,514000.0,6400.0,32000.0,273000.0,93,55.0824127052825,42.05344977970094,0,0
Manufacturing,6,26,2042000.0,56200.0,99000.0,353000.0,565,94.20256265112407,74.49814669735692,1,0
Manufacturing,6,19,2521000.0,61900.0,142100.0,138000.0,810,84.46168646196517,87.1303141709592,0,0
Retail,7,36,4227000.0,62600.0,303500.0,2490000.0,400,77.0071660126636,74.71287165227973,0,0
Retail,2,13,728000.0,3500.0,45200.0,167000.0,681,74.86483041632876,96.21493571721419,2,1
Retail,1,14,682000.0,19100.0,37700.0,218000.0,675,92.973954696481,96.36096296998703,0,0
Retail,21,108,11444000.0,232500.0,721400.0,5131000.0,357,85.17844186930239,84.73245700281431,0,0
Services,2,19,1782000.0,18100.0,126300.0,840000.0,917,50.91811976413807,65.84305194211883,0,0
Retail,7,22,2594000.0,74200.0,138400.0,650000.0,459,79.8520531985716,71.22235041406479,0,0
Retail,8,54,6079000.0,144100.0,363100.0,1610000.0,66,30.755888328626003,75.19206412968566,1,1
Logistics,6,25,2516000.0,23600.0,181600.0,312000.0,265,87.26234300202802,69.67111431762312,0,0
Retail,3,17,2356000.0,65800.0,119200.0,174000.0,908,85.89150522382016,53.17421059297535,0,0
Retail,2,14,1274000.0,24300.0,83600.0,472000.0,673,68.23653922803175,70.2430144869409,0,0
Services,6,17,797000.0,25000.0,50000.0,66000.0,343,77.91061857662628,90.64208830672193,0,0
Services,13,72,8782000.0,172100.0,566700.0,8080000.0,922,80.19644940031102,62.876229894188626,0,0
Manufacturing,18,73,4485000.0,118400.0,248900.0,1433000.0,508,51.758779851332704,93.08869802426837,0,0
Services,1,11,1283000.0,27000.0,69900.0,192000.0,364,47.260170260228406,40.66931858592895,0,0
Retail,2,7,948000.0,15400.0,61300.0,669000.0,784,89.40181109562292,82.59228093572905,1,1
Retail,18,44,4759000.0,162800.0,246300.0,673000.0,799,95.79746926356712,86.44647843857288,0,0
Retail,9,40,3903000.0,106500.0,223900.0,1051000.0,473,78.09378875442697,94.04432894736168,1,1
Services,13,82,6834000.0,226500.0,348600.0,3074000.0,512,38.0906279675769,77.19121530044906,0,0
Retail,2,10,733000.0,34400.0,33800.0,206000.0,139,33.67968700734426,73.55675262366853,0,0
Retail,6,41,2955000.0,35300.0,214300.0,367000.0,218,71.40163630365002,91.11674892811644,0,0
Retail,8,41,4175000.0,108000.0,240900.0,1720000.0,782,71.91782687270187,59.84458355348916,0,0
Manufacturing,7,37,4214000.0,51000.0,305500.0,604000.0,657,76.39282544811378,81.46272863022048,0,0
Manufacturing,4,21,2231000.0,70600.0,110900.0,935000.0,35,93.30628307222678,71.83142904649229,1,0
Manufacturing,1,10,558000.0,600.0,34600.0,162000.0,604,63.52793744553663,70.70048513237226,0,0
Manufacturing,6,32,2780000.0,94700.0,142800.0,1699000.0,861,81.16929446640164,88.75826961193162,0,0
Manufacturing,2,5,591000.0,19300.0,39900.0,281000.0,577,38.69703473089232,91.14883902313494,0,0
Manufacturing,4,28,2379000.0,29000.0,160300.0,2123000.0,376,74.34775085131619,68.48957492501623,0,1
Retail,19,83,7582000.0,267400.0,371000.0,504000.0,375,92.73373470617861,68.00901752662506,0,0
Manufacturing,4,26,3015000.0,50900.0,213800.0,597000.0,792,89.55524726374753,78.30290504677377,0,0
Retail,11,23,2402000.0,77200.0,122900.0,1166000.0,130,57.61130076129862,78.68096485378427,0,0
Services,2,13,1014000.0,14400.0,63600.0,60000.0,69,91.3071010445742,69.63095878617621,0,0
Retail,7,43,5548000.0,58600.0,404700.0,3950000.0,306,46.40265039930408,62.402825548545735,0,1
Logistics,23,142,7394000.0,93500.0,518300.0,3060000.0,65,51.912897320471316,62.51786564074979,0,0
Manufacturing,1,9,1256000.0,9100.0,90600.0,453000.0,856,76.19936040599227,69.66352904001872,0,0
Manufacturing,1,9,427000.0,15400.0,23600.0,184000.0,799,34.664951886456265,48.92665456738659,0,0
Manufacturing,4,28,1024000.0,22600.0,49900.0,423000.0,268,58.10193030311838,53.6169494843482,0,0
Manufacturing,1,9,1156000.0,25800.0,59000.0,458000.0,506,66.16720463879193,49.021513534493714,0,0
Retail,9,38,2307000.0,54900.0,137500.0,2346000.0,587,92.76049933913517,74.20610737765192,0,0
Manufacturing,15,34,3795000.0,59400.0,256700.0,1415000.0,873,74.66611844058761,85.02506746886198,0,0
Manufacturing,4,9,1081000.0,38800.0,54000.0,599000.0,923,74.44314832088996,79.80991228306237,0,0
Manufacturing,2,15,1878000.0,51400.0,120100.0,537000.0,877,77.2162378296633,72.53727505826352,2,1
Retail,4,11,1530000.0,44600.0,83700.0,625000.0,239,62.8333890940399,64.64751568687059,0,0
Manufacturing,8,51,3360000.0,99300.0,185500.0,3620000.0,483,78.12401953538013,53.237820322673265,0,1
Retail,1,14,1534000.0,21800.0,98200.0,285000.0,862,64.71081096945933,76.62849628024169,0,0
Retail,6,21,989000.0,30600.0,58000.0,219000.0,117,42.62115716255547,53.00728595065215,0,0
Logistics,6,38,2953000.0,40600.0,201300.0,1522000.0,62,84.86269456160187,96.25669756651621,0,0
Manufacturing,7,37,4589000.0,153000.0,230000.0,1557000.0,751,78.69594935602,76.839127705391,0,0
Logistics,2,11,810000.0,11900.0,54700.0,113000.0,356,65.76919925313854,84.10962171208976,1,1
Retail,8,34,3300000.0,126200.0,157100.0,1260000.0,247,55.84377331507421,89.75136841514836,0,0
Manufacturing,1,4,352000.0,900.0,18000.0,192000.0,596,85.11180177794813,79.53266143440297,0,0
Services,2,10,1028000.0,1700.0,65700.0,1048000.0,573,61.342810448166894,50.28636586950651,0,1
Services,13,60,8229000.0,113400.0,570600.0,7680000.0,242,62.65340652509583,70.32182660371234,0,0
Manufacturing,9,45,1838000.0,59900.0,97000.0,283000.0,536,55.96707820606566,65.38103334967853,1,0
Retail,1,7,667000.0,20200.0,36600.0,326000.0,711,63.20727811059296,60.93522645816067,0,0
Services,2,13,1633000.0,46900.0,99000.0,511000.0,606,85.93867386750149,85.15471933934113,0,0
Logistics,2,15,1283000.0,44100.0,66300.0,635000.0,27,98.48032332944028,32.19610313616349,0,0
Manufacturing,2,15,649000.0,5400.0,44200.0,139000.0,513,69.26925579332355,67.03356951719218,0,0
Manufacturing,2,19,1783000.0,10300.0,119700.0,144000.0,459,56.12821178608806,46.10858328274604,0,0
Retail,1,12,838000.0,26100.0,41800.0,241000.0,840,87.68733211876972,75.9194570937072,0,0
Retail,4,9,461000.0,19600.0,27000.0,85000.0,354,67.80016628832495,49.63369372949404,0,0
Retail,8,21,2607000.0,39100.0,175000.0,1063000.0,338,87.4259708281901,58.246125919301164,0,0
Retail,6,43,3860000.0,109200.0,212700.0,2040000.0,610,80.13103022713317,44.06769051284821,0,0
Retail,7,46,6118000.0,126300.0,386900.0,2420000.0,612,81.59747632977573,84.48406513974035,0,0
Logistics,1,13,1555000.0,48100.0,73400.0,767000.0,171,56.615800933467106,94.55530244498856,1,1
Manufacturing,19,119,12824000.0,271300.0,802400.0,3546000.0,670,43.948579566396084,72.8104363318217,0,0
Retail,11,42,1492000.0,62800.0,74600.0,650000.0,589,53.84868385373566,85.54180364698122,0,0
Logistics,10,29,2318000.0,32600.0,159200.0,2412000.0,445,71.95674986130673,76.33775052461547,0,1
Services,11,31,1728000.0,38900.0,96100.0,701000.0,569,49.264114946769496,67.41583624747325,1,1
Retail,17,103,13455000.0,399800.0,720900.0,4089000.0,421,47.52159519632374,77.93749319568772,0,0
Retail,5,22,1173000.0,-900.0,80900.0,426000.0,172,91.93663333888001,83.5028271524959,0,0
Manufacturing,2,11,715000.0,28500.0,33800.0,286000.0,199,79.1292389913489,64.96476740644134,0,0
Retail,6,40,3571000.0,98600.0,202600.0,630000.0,812,91.7475524402871,77.67469024679484,0,0
Retail,9,36,2256000.0,75000.0,126400.0,1026000.0,505,82.11544670296036,66.81196295293006,0,0
Manufacturing,9,42,2396000.0,69500.0,128600.0,1258000.0,849,79.91649903210076,36.17741278019931,0,0
Retail,5,31,3035000.0,41000.0,215200.0,1893000.0,550,60.49955954169527,61.84818881650116,0,0
Retail,1,12,532000.0,2000.0,35400.0,213000.0,371,68.86441491711925,58.868995133184534,0,1
Manufacturing,3,15,617000.0,19200.0,29400.0,258000.0,731,79.49750748337331,72.03392596504357,0,0
Retail,16,84,6223000.0,98900.0,407500.0,2372000.0,376,63.00710965674151,40.33825083092372,0,0
Manufacturing,6,22,2435000.0,54500.0,146900.0,788000.0,238,85.3711521635147,47.89000733664703,0,0
Retail,5,23,2145000.0,24800.0,151500.0,1053000.0,627,80.95455168010733,45.02409565564756,1,1
Manufacturing,2,15,1191000.0,36800.0,64800.0,327000.0,218,79.04796337379156,69.3954875613297,0,0
Services,3,21,1982000.0,38100.0,122100.0,160000.0,22,48.74609315759903,41.6773862145544,0,1
Retail,14,86,6310000.0,150400.0,376100.0,2980000.0,486,69.12962577526882,39.929954317067896,3,1
Logistics,7,29,3866000.0,90300.0,229200.0,1496000.0,186,80.15424521813087,76.37444908485604,0,0
Logistics,10,24,978000.0,21700.0,57100.0,1024000.0,734,95.7532388639184,63.01547483930009,1,1
Retail,4,28,2960000.0,94900.0,152400.0,779000.0,110,92.82107349789437,80.17426679725581,0,0
Manufacturing,6,13,1672000.0,28300.0,111400.0,109000.0,688,77.60344391738883,84.27686261507715,0,0
Retail,2,11,1313000.0,39000.0,76500.0,1499000.0,817,62.274522409247325,75.9458916338115,0,1
Retail,8,33,1793000.0,19100.0,129400.0,222000.0,622,68.311799545831,54.06171808737054,0,0
Logistics,4,9,595000.0,15300.0,31500.0,271000.0,320,70.7999121094756,63.945728094483265,0,0
Retail,4,24,2647000.0,48100.0,171000.0,1222000.0,671,52.60076674531635,49.45180565345867,0,0
Manufacturing,7,20,877000.0,4500.0,62900.0,355000.0,272,45.388901977495486,77.16879247065378,0,0
Retail,17,110,13227000.0,251800.0,847600.0,1529000.0,488,84.57163135659262,74.29971610761137,2,1
Retail,1,7,773000.0,26700.0,54000.0,297000.0,314,97.4184079274674,44.08916034998323,0,0
Retail,11,71,7924000.0,109500.0,543500.0,3919000.0,479,94.58614248984064,69.8899360266007,0,0
Retail,3,19,865000.0,21700.0,48200.0,227000.0,628,60.90239827024464,83.97271818033136,0,0
Retail,4,13,1435000.0,27000.0,89500.0,368000.0,703,61.82546416355088,61.755671742004914,0,0
Services,1,12,1277000.0,40400.0,64000.0,347000.0,912,97.33015688523872,71.16858641312453,0,0
Retail,3,14,1711000.0,36300.0,103600.0,156000.0,342,82.91971448433152,35.00700806866282,0,0
Manufacturing,5,33,1299000.0,42700.0,67800.0,644000.0,124,86.7957946886283,95.10072991183824,0,0
Manufacturing,1,11,412000.0,-6600.0,27300.0,200000.0,724,86.9829471539305,60.61473623782242,2,1
Manufacturing,5,36,2670000.0,69700.0,161100.0,3235000.0,919,82.19187430964352,67.96983684505989,0,1
Manufacturing,16,102,5164000.0,140300.0,295100.0,1769000.0,143,59.238701351150155,55.941158034608875,0,0
Manufacturing,1,4,375000.0,1300.0,20000.0,160000.0,885,81.29180719301816,84.32631630118526,0,1
Manufacturing,9,48,6303000.0,45100.0,462000.0,954000.0,151,67.4544057580338,94.10561210113228,0,0
Retail,4,12,913000.0,24700.0,43600.0,773000.0,924,86.93244475371826,43.011586240540524,0,1
Manufacturing,7,25,3093000.0,110300.0,145500.0,2559000.0,553,76.10091897995916,65.56237036596,1,1
Services,2,20,701000.0,42800.0,36300.0,351000.0,663,54.40840145793657,71.51329448356654,0,0
Manufacturing,2,7,369000.0,8300.0,26800.0,172000.0,178,92.85516698218757,53.34396256394487,0,0
Retail,2,16,611000.0,-8000.0,44500.0,317000.0,363,76.97137536289192,60.4990354005262,1,1
Retail,1,10,695000.0,8000.0,44400.0,337000.0,477,66.3517912986857,46.61197049967715,0,0
Services,2,9,1173000.0,15100.0,82200.0,568000.0,882,61.23558686098477,60.02993731735714,0,0
Manufacturing,7,24,1084000.0,36300.0,56100.0,89000.0,657,73.72147620538092,83.45203769118011,0,0
Retail,13,44,4342000.0,36200.0,315100.0,2054000.0,518,84.72935127340982,73.27140807993,0,0
Services,11,50,4120000.0,137300.0,205000.0,1457000.0,899,73.26857101454574,90.14976955590853,0,0
Services,7,44,5876000.0,198200.0,285700.0,1412000.0,165,61.79575152577249,54.66716921441632,0,0
Services,1,12,574000.0,10900.0,28100.0,45000.0,904,78.7267235487266,50.296723405654774,1,1
Retail,3,15,859000.0,20800.0,52900.0,334000.0,260,92.92664834029328,51.43374953718227,0,0
Manufacturing,3,13,495000.0,14100.0,33300.0,106000.0,124,62.13286467701755,89.22521684143848,1,0
Logistics,2,15,1208000.0,39900.0,67500.0,343000.0,599,61.29855153391346,42.90459279027945,0,0
Services,5,33,2118000.0,27100.0,154000.0,828000.0,812,85.43729759824092,55.40137880972368,0,0
Retail,5,17,2148000.0,50900.0,124100.0,2398000.0,289,71.7564171920215,39.98216782920468,2,1
Retail,3,19,1872000.0,68200.0,93500.0,1912000.0,884,45.59100175524884,41.61181234624809,1,1
Retail,3,7,696000.0,19700.0,40800.0,192000.0,81,64.8981831462575,58.854572575831355,0,0
Logistics,11,50,4543000.0,86600.0,293100.0,1108000.0,64,79.51390086481398,75.60501172135457,0,0
Manufacturing,10,69,3080000.0,40100.0,211700.0,523000.0,830,57.13640966710858,97.44911191768122,0,0
Retail,3,22,1798000.0,40800.0,105100.0,425000.0,529,65.65001518051312,59.375857724962586,0,0
Retail,15,95,13295000.0,282100.0,826400.0,1403000.0,240,70.50398850105628,77.7513678717373,1,0
Retail,19,116,14233000.0,448600.0,757000.0,7623000.0,592,48.81123867717079,78.45627580774054,0,0
Manufacturing,3,16,2061000.0,43100.0,131100.0,694000.0,520,93.18146463612877,53.36317994047476,0,0
Manufacturing,3,20,2429000.0,20300.0,177200.0,277000.0,169,56.122609992765064,56.62815299142304,0,0
Retail,5,21,962000.0,28100.0,45400.0,481000.0,888,79.85810878737026,36.10336998558521,0,0
Retail,17,54,3180000.0,37800.0,223300.0,1029000.0,494,81.6871268245817,53.74585626300361,0,0
Retail,13,84,2968000.0,82900.0,181900.0,939000.0,125,90.62570112773035,93.33262069817958,0,0
Manufacturing,1,12,802000.0,21300.0,42300.0,54000.0,497,97.40803064348708,79.35750644852402,2,1
Retail,3,12,557000.0,13500.0,40200.0,293000.0,822,59.234092414781415,76.61297955522593,0,0
Retail,5,24,2031000.0,46100.0,120100.0,381000.0,907,69.4707524748466,69.3469636235286,0,0
Manufacturing,5,35,3713000.0,107500.0,204000.0,216000.0,782,53.585275381343386,84.74899064198598,0,0
Retail,2,15,1902000.0,68100.0,96700.0,168000.0,288,83.70811691539058,87.51714033818676,0,0
Manufacturing,12,80,9093000.0,275300.0,477900.0,3093000.0,169,74.19203622912013,41.29061157445896,0,0
Manufacturing,7,38,5075000.0,69000.0,348800.0,603000.0,665,59.545904695945715,76.85217413251235,0,0
Services,11,35,1423000.0,42600.0,89300.0,101000.0,181,85.32777070398969,77.04673838572297,2,1
Retail,12,74,2685000.0,41100.0,190500.0,644000.0,33,93.1827172360017,93.19305820865922,0,0
Services,9,32,3342000.0,110300.0,174500.0,2665000.0,359,59.73828581049466,90.93836842590605,0,1
Retail,4,17,1111000.0,44300.0,54600.0,260000.0,917,69.41488791051037,64.53937502519389,0,0
Logistics,6,14,863000.0,35900.0,39700.0,178000.0,749,93.28792653328604,89.85760556585035,0,0
Logistics,2,21,1465000.0,50600.0,87600.0,379000.0,583,83.4193843484309,69.65739014506632,0,0
Retail,7,49,3103000.0,31500.0,227400.0,888000.0,912,93.26702545628608,57.55340704595338,1,1
Retail,2,12,1064000.0,24200.0,69100.0,322000.0,308,80.3555103659103,70.83574709857908,0,0
Retail,8,41,3330000.0,85000.0,180900.0,308000.0,659,82.82692825673219,80.96267796530718,0,0
Retail,2,17,1510000.0,13600.0,105600.0,244000.0,476,75.80516109527734,81.76259106183112,0,0
Services,1,9,951000.0,5600.0,64000.0,295000.0,352,77.67288223896858,65.18591270489425,0,0
Services,2,21,1589000.0,69100.0,73500.0,610000.0,818,84.36439190144803,62.270842233866055,0,0
Services,1,11,675000.0,-10300.0,46100.0,66000.0,466,72.20550575888714,93.77920467012173,0,0
Manufacturing,8,38,1993000.0,55100.0,107800.0,522000.0,358,94.37896088058466,94.57139612319688,0,0
Logistics,8,20,1434000.0,24000.0,71600.0,728000.0,731,88.4458610278537,67.80791484385037,0,0
Services,5,16,1806000.0,49800.0,94000.0,744000.0,645,52.6969382626629,84.4143716329441,0,0
Manufacturing,2,13,1488000.0,32700.0,87400.0,1503000.0,779,72.68375017349574,64.18458106683164,0,0
Manufacturing,1,13,1365000.0,46300.0,78500.0,1464000.0,99,88.70586894060628,58.564299378840936,0,1
Logistics,1,10,596000.0,20700.0,32100.0,320000.0,711,88.79978899639049,93.26183525247991,0,0
Retail,2,20,1935000.0,56700.0,97900.0,835000.0,751,74.49565001421857,98.31423622631257,0,0
Services,14,47,4461000.0,82300.0,298000.0,1580000.0,674,31.452284958314287,93.09394436427722,0,0
Manufacturing,2,17,1459000.0,15100.0,106600.0,340000.0,403,85.17162339758195,79.6269333841231,0,0
Logistics,3,18,1669000.0,27200.0,112200.0,519000.0,806,75.2701248657415,51.279264526213694,0,0
Manufacturing,1,7,606000.0,8200.0,32700.0,238000.0,241,91.36880072340962,62.13657531024369,0,0
Manufacturing,2,7,661000.0,12500.0,34700.0,362000.0,300,79.56496794498051,61.521955824762905,0,0
Manufacturing,5,29,3194000.0,94100.0,165500.0,906000.0,298,45.50239077204748,21.87483002194749,0,0
Services,6,18,837000.0,28600.0,41500.0,761000.0,707,77.5178272089582,80.08367970182441,0,0
Logistics,2,10,1137000.0,26000.0,69400.0,747000.0,123,74.487273592599,87.81610722077345,0,0
Retail,1,12,591000.0,24700.0,36900.0,347000.0,149,74.44023873707083,87.62553494272953,0,0
Retail,3,24,1008000.0,21300.0,65800.0,257000.0,305,83.13440987558383,57.44932447583053,0,0
Services,2,13,1787000.0,12000.0,115300.0,540000.0,901,71.4433392152833,54.13406748050975,0,0
Retail,2,6,813000.0,26100.0,43800.0,190000.0,816,74.26567182123594,83.92211731693396,0,0
Services,20,82,3390000.0,84700.0,186200.0,1439000.0,629,84.07543129216296,69.69201903330064,0,0
Retail,6,37,3017000.0,48900.0,194800.0,1470000.0,727,69.84667480415251,77.21275633100072,0,0
Retail,5,24,1309000.0,30000.0,72600.0,643000.0,522,61.05214797311286,42.609838108314555,0,0
Retail,4,17,1461000.0,40900.0,75500.0,239000.0,643,61.985820069569705,45.07365139303461,0,0
Retail,4,20,2443000.0,55500.0,137100.0,1217000.0,858,96.02002556585899,80.42133396030584,0,0
Logistics,5,17,2292000.0,70400.0,122200.0,506000.0,836,69.92776061432886,84.36662440612103,0,0
Retail,8,43,4369000.0,141900.0,210900.0,894000.0,43,38.80479379867802,59.256633038036675,0,0
Manufacturing,8,53,3824000.0,58900.0,262600.0,3489000.0,408,63.03386246446825,60.43742936687053,0,1
Services,2,9,885000.0,30300.0,61300.0,179000.0,41,82.57090143730454,87.89306636137749,1,1
Retail,5,37,2507000.0,68200.0,130100.0,192000.0,481,85.31969829895958,64.11169641371494,0,0
Retail,4,15,1958000.0,67700.0,93200.0,464000.0,27,42.408149229435104,53.9876986500428,0,0
Services,13,41,5182000.0,68800.0,342800.0,2128000.0,568,62.46745507848013,84.42545630436726,1,1
Retail,6,25,2340000.0,71700.0,120900.0,500000.0,947,60.59921768897682,66.64481451150095,0,0
Manufacturing,5,31,2142000.0,62200.0,121400.0,781000.0,459,77.86823694513916,73.73378301408773,0,0
Services,1,15,987000.0,41000.0,47000.0,375000.0,238,71.02084896149697,33.666589195949165,0,0
Retail,6,27,1040000.0,33200.0,54100.0,434000.0,477,51.46127641592783,45.313843628923784,0,0
Retail,1,5,603000.0,16600.0,40800.0,301000.0,35,90.32751467735832,53.590517652124866,0,0
Manufacturing,3,22,1810000.0,48200.0,123000.0,1064000.0,401,67.46597837181287,78.22639531610331,0,0
Logistics,1,10,691000.0,35700.0,35600.0,92000.0,662,82.74993788585992,40.118951419225176,0,0
Retail,8,54,4561000.0,124700.0,251200.0,955000.0,340,58.67811591449995,89.77752975339264,0,0
Retail,2,5,605000.0,8800.0,30000.0,161000.0,747,85.18191342437188,74.83041668876356,0,0
Services,3,13,625000.0,18900.0,29900.0,254000.0,481,80.08962943389811,61.24865098324458,0,0
Logistics,14,62,7753000.0,71600.0,566900.0,439000.0,671,81.18546512755273,80.06686748143048,0,0
Manufacturing,2,10,1292000.0,28800.0,82500.0,593000.0,536,32.139944791793255,79.29036481609735,0,0
Retail,5,31,4167000.0,84700.0,253100.0,1833000.0,239,60.63936530307035,41.555863625511655,0,0
Manufacturing,4,21,1611000.0,25900.0,107800.0,621000.0,667,74.25800947056578,91.39218349181937,0,0
Logistics,1,10,578000.0,15100.0,39800.0,530000.0,489,48.96223361686033,84.0383904401205,0,0
Manufacturing,10,62,4602000.0,69700.0,313000.0,2098000.0,632,50.509942285645316,53.53453234532147,1,1
Retail,1,14,979000.0,28700.0,45300.0,432000.0,794,66.03294965248672,92.1954530431001,0,0
Logistics,4,14,749000.0,33600.0,38200.0,293000.0,720,45.550818526150096,48.49448861683505,0,0
Services,5,30,2963000.0,42700.0,189200.0,800000.0,472,60.36427482997697,85.84659539536602,2,1
Retail,6,24,2041000.0,52900.0,114600.0,1106000.0,654,83.56994839138322,73.53297790017105,1,1
Services,8,56,7050000.0,73600.0,513600.0,2358000.0,227,65.01959284754513,75.03648348888404,0,0
Manufacturing,2,9,345000.0,6800.0,22100.0,52000.0,677,39.88105731584841,55.442969420701495,0,0
Services,1,3,308000.0,4900.0,22200.0,60000.0,495,55.51536948191376,88.56214078940157,0,0
Manufacturing,8,52,5986000.0,196200.0,307500.0,2375000.0,910,78.7723223391192,59.81846620043728,0,0
Retail,5,25,2869000.0,39100.0,199700.0,1470000.0,194,58.697699250834134,72.4747035113692,0,0
Logistics,11,64,8194000.0,231900.0,448000.0,1142000.0,843,60.604847895387145,75.29493633371077,0,0
Manufacturing,11,73,8143000.0,80500.0,594800.0,742000.0,552,80.13240815807148,80.92247575332395,0,0
Manufacturing,12,55,7283000.0,236600.0,365400.0,3574000.0,541,85.6738217243551,33.09978291715309,1,1
Logistics,4,32,2238000.0,58400.0,134400.0,1136000.0,36,64.80527846949245,42.91057268855975,0,0
Logistics,3,14,1230000.0,14100.0,83200.0,231000.0,359,66.07718230015297,81.71320110308307,1,1
Retail,10,45,1642000.0,48800.0,94800.0,392000.0,591,73.49471199700348,77.50090067327558,1,0
Logistics,4,13,464000.0,11600.0,27200.0,389000.0,777,89.77078168262712,72.60922104656434,0,0
Retail,2,15,903000.0,5200.0,65900.0,428000.0,936,81.81276378665666,61.56878642466162,0,0
Retail,12,54,2462000.0,68500.0,141600.0,1203000.0,35,75.8117985942365,82.41502484372906,0,0
Retail,13,35,2181000.0,39700.0,136200.0,500000.0,759,69.51958576880173,51.58380448793834,0,0
Manufacturing,4,19,1018000.0,41700.0,48200.0,70000.0,422,89.68499500230523,56.97642578859779,0,0
Services,1,7,266000.0,5500.0,18400.0,91000.0,501,78.96227794582039,79.45313072023437,0,0
Retail,3,20,2610000.0,46600.0,166100.0,504000.0,542,93.2414800501966,51.58186808720365,1,0
Retail,10,65,2331000.0,65800.0,132700.0,548000.0,430,48.27992744150249,87.59869701040414,0,0
Retail,14,64,7186000.0,270600.0,332600.0,595000.0,286,95.76228226843429,76.2448285343528,0,0
Services,2,14,714000.0,24500.0,44300.0,305000.0,219,77.00594915712773,95.60449080870337,1,1
Manufacturing,1,13,1700000.0,70900.0,78500.0,225000.0,312,86.70637051839053,72.0024706904029,0,0
Retail,13,43,5536000.0,211400.0,253900.0,2807000.0,686,58.460587324388236,84.13119102109066,0,0
Retail,3,10,1037000.0,12300.0,65100.0,243000.0,567,98.01718951056768,61.18493656898595,0,0
Retail,5,15,1584000.0,70800.0,80800.0,610000.0,122,74.56451691521032,72.21255023488806,0,0
Manufacturing,21,127,4516000.0,134300.0,230800.0,735000.0,651,65.23736411737144,79.74456441616957,0,0
Services,1,9,1246000.0,31900.0,79500.0,212000.0,166,48.379617025302494,89.84709513123389,0,0
Services,7,29,3688000.0,136300.0,174500.0,1244000.0,27,84.70042733107871,77.12988043078735,0,0
Retail,1,6,774000.0,13000.0,42100.0,256000.0,729,91.85741067492454,84.0177689260042,0,0
Logistics,3,21,2189000.0,72100.0,109300.0,951000.0,93,69.10320963947048,71.10191665948703,0,0
Services,10,57,4059000.0,86800.0,250800.0,3842000.0,920,83.21797886805045,83.27089278185458,1,1
Logistics,4,24,3092000.0,70100.0,198000.0,1191000.0,568,97.3548355631334,72.65536294735787,0,0
Manufacturing,30,183,12006000.0,206400.0,788400.0,3296000.0,183,75.10520371321468,56.41801439727927,0,0
Retail,5,38,3575000.0,106900.0,188900.0,1771000.0,263,53.48122103204822,57.59813406165546,0,0
Retail,3,9,409000.0,-4300.0,19700.0,148000.0,135,96.04634116195017,78.45282793837366,1,1
Retail,2,19,2504000.0,102300.0,120200.0,1365000.0,401,81.99641443012307,95.16061590535503,0,0
Logistics,3,17,846000.0,13200.0,48700.0,389000.0,453,55.550517148408176,76.32939287354749,0,0
Services,3,19,1114000.0,15400.0,80000.0,80000.0,286,62.17418905620748,57.59739599606477,0,0
Services,1,8,749000.0,22800.0,38800.0,348000.0,314,63.58438721251834,88.81943256353382,0,0
Retail,3,14,1613000.0,48300.0,85300.0,542000.0,735,51.33862813783432,32.91070996779787,0,0
Manufacturing,4,9,900000.0,37800.0,43700.0,370000.0,487,82.44077792348588,42.53239236841351,0,0
Services,8,25,1484000.0,44300.0,92700.0,483000.0,172,64.26190391344721,48.33559722048348,0,0
Services,7,31,1088000.0,22500.0,70200.0,482000.0,647,67.2299051298277,82.29121604592841,0,0
Manufacturing,8,51,5840000.0,121000.0,370900.0,1117000.0,241,86.34032024336103,54.802826569217885,0,0
Services,1,7,969000.0,16000.0,67400.0,138000.0,435,64.70422187289064,74.80460363991644,1,1
Services,2,13,1561000.0,45800.0,92400.0,265000.0,38,57.941243020178604,57.28141922686388,0,0
Retail,7,37,3083000.0,100500.0,152700.0,2291000.0,756,74.70905748458243,38.80543003897233,0,0
Retail,4,11,1429000.0,50800.0,76900.0,563000.0,552,86.64747736899801,48.58602903578344,0,0
Retail,1,8,624000.0,20900.0,40000.0,133000.0,584,33.46358415715408,82.13437063883569,0,0
Manufacturing,10,51,4596000.0,103600.0,288100.0,1640000.0,791,48.561691082706446,74.60278327983764,0,0
Retail,9,49,4170000.0,90200.0,252000.0,700000.0,652,72.06041566859595,75.91465130510254,0,0
Services,5,31,2542000.0,46200.0,164300.0,253000.0,801,85.20700771760491,68.32804530917753,0,0
Manufacturing,1,11,1280000.0,27500.0,81100.0,1132000.0,554,60.70886977596819,90.87723946898505,0,1
Retail,9,32,2890000.0,27400.0,202500.0,676000.0,917,91.2457803922819,74.62150657807527,0,0
Retail,6,25,1706000.0,49200.0,105700.0,658000.0,827,90.55332911350355,42.77538768671729,0,0
Retail,10,58,3602000.0,57900.0,242200.0,1678000.0,142,82.69543315290912,75.7521422867808,0,0
Services,9,22,857000.0,28600.0,45100.0,408000.0,108,60.43838728468107,41.921503320192826,0,0
Retail,10,47,4523000.0,80600.0,291700.0,616000.0,717,83.48170779791737,61.21124139687254,0,0
Retail,5,19,1124000.0,3700.0,79400.0,329000.0,435,87.76982983260957,92.70411993010292,0,0
Logistics,1,6,303000.0,3300.0,17100.0,126000.0,286,92.64521352860933,71.35577631071988,1,1
Retail,7,20,2073000.0,35100.0,139400.0,906000.0,498,78.22533108251037,83.9779231048224,0,0
Manufacturing,6,16,1704000.0,35300.0,112100.0,754000.0,19,78.48154264314459,72.69156479107856,0,0
Retail,9,57,6497000.0,234300.0,308400.0,1066000.0,171,75.9866077266059,70.6716644176286,0,0
Manufacturing,2,17,1494000.0,34900.0,92400.0,482000.0,66,77.16305108114993,86.92040481975509,1,0
Manufacturing,2,9,1160000.0,36700.0,57300.0,400000.0,257,61.74076786692893,68.31602224142209,0,0
Retail,14,49,6532000.0,75200.0,473100.0,2747000.0,677,64.67608324507722,96.37216253831389,0,0
Retail,9,33,3953000.0,71900.0,269400.0,828000.0,788,53.403605197633894,52.862659381846676,0,0
Services,15,80,8139000.0,286300.0,397600.0,1838000.0,434,82.7859785325943,84.20972766054084,0,0
Retail,9,25,1672000.0,63600.0,82200.0,683000.0,943,83.92621150215456,40.07794053025063,1,1
Retail,6,42,5805000.0,125100.0,361000.0,1160000.0,831,71.55776646733264,39.97281361041412,0,0
Retail,7,30,1914000.0,41600.0,105900.0,255000.0,439,85.27224669017882,83.19202868539774,0,0
Manufacturing,14,87,4896000.0,170500.0,229100.0,606000.0,94,92.85274800319067,61.03360169976789,0,0
Logistics,6,20,1629000.0,40500.0,98900.0,338000.0,709,78.3377436867641,67.91416820724716,0,0
Manufacturing,7,45,1844000.0,49400.0,104200.0,639000.0,368,69.90625067878455,32.679919829184605,0,0
Services,2,7,964000.0,37000.0,46900.0,221000.0,633,40.689181957523715,48.96507040666813,0,0
Manufacturing,4,20,1936000.0,43300.0,131400.0,117000.0,680,82.50026086845543,45.77004863427203,0,0
Retail,8,30,2804000.0,40400.0,199100.0,276000.0,307,66.84417625783522,48.38216974883245,0,0
Manufacturing,2,8,831000.0,23900.0,55400.0,162000.0,731,76.22194070881214,68.03438161491091,0,0
Services,2,14,1221000.0,18900.0,83600.0,464000.0,130,88.61748546968877,67.66129749746315,0,1
Retail,3,21,806000.0,19000.0,41700.0,177000.0,543,87.47096525147275,70.77365398189855,0,0
Retail,2,19,1887000.0,56600.0,100200.0,1376000.0,494,77.24759992988498,31.16743112987004,0,0
Manufacturing,2,11,1212000.0,32100.0,62500.0,133000.0,302,44.98840612301446,65.90025150900216,0,0
Logistics,4,27,2126000.0,47400.0,142200.0,331000.0,682,76.73156821394068,61.69085052118053,0,0
Manufacturing,15,33,3779000.0,49500.0,271700.0,514000.0,491,26.219698271576412,72.83186745273498,0,0
Services,5,18,1059000.0,23000.0,69400.0,89000.0,39,68.69798673297234,73.1959189669688,0,0
Manufacturing,2,10,582000.0,17600.0,40800.0,495000.0,445,68.19248669588295,73.53247555137057,0,1
Manufacturing,1,8,416000.0,-7900.0,26400.0,117000.0,292,85.68687902887402,57.00838757281039,0,0
Manufacturing,8,24,1777000.0,52400.0,100400.0,827000.0,331,85.36428383144174,51.8406124269832,0,0
Retail,3,27,3346000.0,75800.0,192500.0,333000.0,652,59.697229746241355,77.87048473598848,0,0
Retail,11,57,6950000.0,246200.0,332900.0,850000.0,826,34.420337554752614,74.32783142684038,0,0
Manufacturing,7,48,3609000.0,129800.0,168500.0,733000.0,372,70.6435124324193,69.94670942141373,1,0
Logistics,10,25,2421000.0,49700.0,157300.0,1048000.0,290,84.88876222101972,26.007464418355354,0,0
Retail,2,13,1439000.0,38400.0,83300.0,292000.0,891,60.338399350084146,83.92247779647192,3,1
Retail,8,35,2111000.0,57900.0,128800.0,1184000.0,704,69.00876009893192,83.32514603506253,2,1
Retail,2,18,948000.0,16200.0,58000.0,190000.0,358,33.04718740515532,58.17818941808389,0,0
Retail,17,110,15078000.0,456100.0,806100.0,1359000.0,445,89.75971792933034,76.50827427534611,0,0
Retail,7,26,2596000.0,64600.0,153000.0,1349000.0,573,79.8255678528882,67.47542812345303,0,0
Manufacturing,3,26,3589000.0,75000.0,211000.0,1164000.0,726,75.36893698429638,85.99459917131365,0,0
Manufacturing,2,12,846000.0,15400.0,47800.0,829000.0,577,68.30252312049174,80.58445313647408,2,1
Services,2,9,979000.0,13400.0,67000.0,371000.0,453,58.461012106688756,94.78359214575238,0,0
Services,8,34,1985000.0,58700.0,115600.0,610000.0,476,99.37685086835066,86.79697401065441,0,0
Retail,2,19,1186000.0,28500.0,74000.0,112000.0,821,88.04187179244587,91.61077855075467,0,0
Retail,6,32,2840000.0,27200.0,200100.0,1055000.0,284,68.42589172790433,89.6207098683688,0,0
Retail,2,17,1166000.0,14800.0,81200.0,149000.0,723,63.27972289324669,72.56312801609975,0,0
Retail,7,18,947000.0,28500.0,66600.0,244000.0,445,72.80227498135002,66.46376585952221,0,0
Manufacturing,11,46,2880000.0,87500.0,153400.0,1050000.0,35,80.04443960135025,67.3128759196094,0,0
Manufacturing,10,21,814000.0,27100.0,38100.0,792000.0,157,89.79450211167136,63.84345181209572,0,0
Logistics,9,31,3378000.0,106300.0,179100.0,1326000.0,774,70.9991958533176,48.9309793523336,0,0
Logistics,2,17,1473000.0,50100.0,78800.0,568000.0,882,57.34810445928908,77.32946497271446,0,0
Manufacturing,1,11,494000.0,2500.0,35000.0,62000.0,367,73.14573561510393,90.48862953255954,0,0
Manufacturing,8,28,1485000.0,33200.0,94600.0,331000.0,479,64.23923135446087,48.93738176226765,0,0
Manufacturing,3,21,961000.0,31300.0,46200.0,69000.0,482,20.833591410496545,68.6793280788593,0,0
Logistics,4,26,2582000.0,92900.0,128000.0,2335000.0,527,75.84866924285541,83.83806406164794,0,0
Manufacturing,1,5,224000.0,8800.0,11200.0,118000.0,478,28.922686074613544,64.78127256343721,0,0
Manufacturing,2,18,2056000.0,45300.0,129900.0,374000.0,891,86.30612592363511,77.03116525657614,0,0
Logistics,1,13,483000.0,2300.0,31900.0,45000.0,864,86.706431774297,67.22557251778927,1,1
Manufacturing,13,80,4895000.0,61200.0,340100.0,1409000.0,408,21.193828324467503,45.11683833420079,0,0
Logistics,2,12,1542000.0,25500.0,110600.0,1628000.0,933,56.50457824339155,67.35894909577802,0,1
Manufacturing,5,22,2430000.0,77000.0,124900.0,1748000.0,800,74.58736740374366,43.22413245608014,1,1
Manufacturing,1,7,299000.0,10900.0,16300.0,22000.0,767,65.09391767070832,80.2557593123639,0,0
Manufacturing,7,29,3515000.0,106200.0,184300.0,1888000.0,72,46.20685604449876,65.00637624739282,0,0
Logistics,3,13,1128000.0,38400.0,62800.0,524000.0,140,61.11299822729479,68.02500479235704,0,0
Services,14,51,6320000.0,73200.0,448600.0,732000.0,855,92.17035504524475,51.85168390346489,0,0
Services,14,49,4806000.0,103100.0,296300.0,2455000.0,892,86.96225017458714,87.11731924050125,0,0
Retail,3,13,1386000.0,30100.0,91700.0,382000.0,475,79.1163738538229,77.21543368920241,0,0
Logistics,14,58,8080000.0,203500.0,479200.0,4207000.0,66,76.85568499189266,97.53318485446235,0,0
Manufacturing,30,156,9266000.0,336000.0,432000.0,2599000.0,749,68.38632718473549,77.6945647367459,0,0
Retail,11,29,2915000.0,119800.0,138800.0,3006000.0,828,61.42598491471506,77.33201707466671,0,1
Services,12,39,3250000.0,76300.0,197000.0,1234000.0,889,96.84160711750332,63.416458025945296,0,0
Manufacturing,2,13,509000.0,700.0,33400.0,89000.0,283,87.73393579792746,65.46760074436547,0,0
Manufacturing,6,43,1570000.0,52500.0,81300.0,830000.0,110,70.66021926448327,90.30194878195357,0,0
Manufacturing,1,9,428000.0,4500.0,28100.0,117000.0,287,80.51405632458403,79.30975432625935,0,0
Manufacturing,1,8,825000.0,16000.0,56200.0,349000.0,337,86.98919081423735,43.1565019140104,0,0
Manufacturing,30,151,14277000.0,373300.0,816100.0,5255000.0,587,64.5614356037462,75.30362825020525,0,0
Retail,3,20,1862000.0,32200.0,123600.0,268000.0,847,81.67493428119187,72.65866417706323,0,0
Retail,9,30,1150000.0,23000.0,65500.0,156000.0,707,83.35377922975339,59.92078804104566,0,0
Services,10,67,5647000.0,114300.0,364200.0,6046000.0,147,90.73035655320133,79.30190140158435,1,1
Services,12,63,8321000.0,128000.0,556200.0,2162000.0,942,78.4187197861713,64.4735135844599,0,0
Retail,30,155,11896000.0,112800.0,869700.0,4488000.0,103,86.86247587319848,62.24786557559301,0,0
Retail,2,19,1912000.0,56500.0,105800.0,577000.0,699,77.87867354774338,69.06390970646919,0,0
Retail,1,5,584000.0,28100.0,33400.0,242000.0,838,47.09922343156676,82.14927247132607,0,0
Retail,4,22,2581000.0,82200.0,130100.0,748000.0,19,74.03482169415572,33.327852919372646,0,0
Retail,1,10,895000.0,34200.0,46000.0,173000.0,371,75.41990605257192,76.84869157843323,1,1
Retail,1,13,1626000.0,38600.0,105500.0,377000.0,357,65.47734413739926,36.417170260097755,0,0
Retail,3,10,761000.0,15800.0,54100.0,365000.0,218,40.964286544384336,83.9501083389527,1,1
Retail,10,29,3721000.0,96700.0,210900.0,1057000.0,688,92.37882795478718,86.04981312049856,0,0
Retail,6,26,1566000.0,42300.0,79500.0,542000.0,587,64.14655934806879,59.75757331537444,0,0
Retail,3,19,1224000.0,18600.0,65700.0,633000.0,485,79.33014222841835,53.384544909250266,1,1
Services,7,21,852000.0,19200.0,49700.0,382000.0,478,86.15523198973682,80.83647742554491,0,0
Logistics,2,15,1778000.0,61900.0,95700.0,305000.0,511,55.91674071955093,83.49651531785159,0,0
Manufacturing,1,10,788000.0,15500.0,41200.0,433000.0,716,64.9568484829501,70.0476584419427,1,1
Services,9,41,2421000.0,47400.0,160000.0,962000.0,851,80.14827398041236,55.71818969779111,0,0
Retail,6,37,2196000.0,74300.0,101100.0,631000.0,77,81.7466218030663,34.073867592528494,0,0
Services,9,48,6223000.0,141900.0,377500.0,1049000.0,570,64.39611062896755,97.82739310895454,0,0
Logistics,1,7,858000.0,19100.0,58100.0,340000.0,253,35.06512552597526,47.78814598750196,0,1
Retail,11,70,6518000.0,191400.0,346500.0,6327000.0,554,50.16544463471505,54.961531681727905,0,0
Manufacturing,6,33,3290000.0,70100.0,205400.0,558000.0,212,46.882247147249444,86.02042222561843,0,0
Retail,5,29,2459000.0,43700.0,157900.0,439000.0,795,70.93900251913436,45.91349820151129,0,0
Retail,6,39,2969000.0,63500.0,189600.0,604000.0,697,85.60084509233369,37.08464568240885,0,0
Retail,12,63,8261000.0,210400.0,479900.0,6363000.0,44,72.77274535580818,90.76512377637967,0,0
Retail,6,36,1735000.0,48900.0,96100.0,236000.0,680,76.94506900707253,95.60316635897455,0,0
Manufacturing,6,42,3315000.0,60600.0,228100.0,339000.0,223,58.64091290673349,97.70969700892358,0,0
Services,29,94,6691000.0,116700.0,446200.0,5750000.0,77,78.9207470465198,82.43948131457167,0,0
Services,9,36,3143000.0,84600.0,171800.0,1382000.0,855,42.17420212933814,85.02572272313921,0,0
Retail,4,15,1246000.0,42500.0,60600.0,374000.0,71,80.04692894407054,60.02795742163466,0,0
Manufacturing,8,25,2237000.0,78900.0,106900.0,1145000.0,846,69.15568728170727,51.45705683326358,1,0
Retail,3,17,845000.0,30200.0,40900.0,225000.0,734,27.66845887883352,68.02637592197385,0,0
Manufacturing,2,17,1511000.0,52600.0,93500.0,369000.0,447,69.29167221745172,73.43475343151881,0,0
Services,6,39,2358000.0,88100.0,111400.0,1250000.0,322,40.757666644244075,91.6073281075525,0,0
Manufacturing,16,85,4620000.0,114100.0,254600.0,2005000.0,589,84.64564534371316,43.35995782332061,0,0
Retail,16,101,4223000.0,66600.0,281000.0,651000.0,774,79.45930342286852,57.2733184642011,0,0
Retail,3,11,1266000.0,21700.0,68300.0,306000.0,480,66.88385852832845,54.18549870505795,0,0
Retail,5,33,2636000.0,40900.0,176100.0,849000.0,667,62.043860766680496,54.75333698728867,0,0
Logistics,2,13,1310000.0,6400.0,86900.0,467000.0,619,76.81464281577041,68.15628702570571,0,0
Services,30,157,17489000.0,530600.0,919800.0,4968000.0,121,82.56695926945078,60.75659524474625,0,0
Manufacturing,24,97,10314000.0,167900.0,679400.0,4694000.0,891,74.1456292894213,89.9325067036785,2,1
Manufacturing,7,17,1435000.0,27400.0,95300.0,623000.0,614,54.25468762536303,69.53363789811219,0,0
Manufacturing,10,22,1666000.0,44200.0,94600.0,504000.0,315,39.85599285625875,90.54068172934726,0,0
Services,8,49,3649000.0,118100.0,188400.0,1741000.0,634,79.90266647595612,52.33107966902742,2,1
Services,6,27,2760000.0,63100.0,166100.0,2592000.0,60,73.99075032166418,83.9739197736964,0,0
Retail,1,13,1130000.0,2600.0,80400.0,496000.0,91,85.84019337271147,79.52354094139912,0,0
Retail,4,21,2607000.0,56100.0,165300.0,1377000.0,743,41.356944515282386,94.3773141329919,0,0
Logistics,7,16,2029000.0,81900.0,102600.0,372000.0,183,71.3995540774018,89.13558399939797,1,0
Manufacturing,7,29,1534000.0,32000.0,99100.0,282000.0,828,76.2694223607254,82.24944059239537,0,0
Services,3,16,789000.0,16900.0,45400.0,390000.0,143,53.90786994948199,65.52310167556922,0,0
Retail,18,56,5667000.0,108900.0,351900.0,2471000.0,727,63.37394678976543,51.43574963400569,0,0
Retail,2,9,600000.0,3100.0,39600.0,308000.0,722,50.9050219573147,84.33586702531471,0,1
Retail,5,27,998000.0,26900.0,59900.0,81000.0,874,98.44367146180852,57.04190199095262,0,0
Manufacturing,8,31,3978000.0,68700.0,271400.0,1448000.0,282,50.94971164937221,84.75741491875888,0,0
Manufacturing,8,39,2294000.0,42600.0,150700.0,281000.0,614,61.24904663412454,44.85451197518464,0,0
Logistics,7,20,2651000.0,61000.0,166300.0,1767000.0,779,84.93826493105306,54.466818769322465,0,0
Manufacturing,2,13,1434000.0,53500.0,71700.0,183000.0,764,57.63149216101077,86.90142056488507,0,0
Retail,2,11,1266000.0,22500.0,87100.0,319000.0,599,32.381174730391145,90.43650722234923,0,0
Manufacturing,7,45,2527000.0,24400.0,180900.0,142000.0,433,76.29850373166447,79.06219775789918,0,0
Retail,6,27,1609000.0,55700.0,79800.0,587000.0,884,87.00649235189604,70.10900317841768,0,0
Retail,2,14,1256000.0,23500.0,74400.0,288000.0,881,45.147973975388716,69.21372183714337,0,0
Retail,8,49,2600000.0,79100.0,137700.0,267000.0,175,85.19818307231172,92.26433717269835,0,0
Logistics,4,28,1878000.0,34100.0,125000.0,397000.0,72,68.72281053094285,65.4102233108557,0,0
Retail,7,37,2544000.0,58300.0,167100.0,342000.0,398,82.91076360977124,76.32076810262932,0,0
Retail,11,48,2485000.0,73100.0,123500.0,2856000.0,899,92.57383046190085,67.4868479900898,0,0
Retail,2,18,1018000.0,17500.0,71200.0,214000.0,817,94.38621501115261,86.25183491322443,0,0
Logistics,1,8,942000.0,42400.0,47900.0,451000.0,524,58.29994387843498,85.10477896104226,0,0
Services,10,35,1839000.0,34700.0,124600.0,864000.0,444,89.63284229487769,89.15033656902864,3,1
Logistics,6,19,722000.0,24600.0,42200.0,270000.0,354,84.55037086049919,85.51112792584632,1,1
Manufacturing,8,27,2729000.0,82400.0,149700.0,1105000.0,592,65.46174872515117,64.43082228841885,0,0
Manufacturing,11,49,6736000.0,233700.0,338000.0,2479000.0,40,85.24985438594202,77.23742968575421,0,0
Retail,10,26,1814000.0,51000.0,91500.0,2094000.0,824,77.7621327966977,38.424615717606834,0,1
Retail,20,121,5743000.0,99700.0,367800.0,882000.0,603,91.6454702393308,96.80681570473314,0,0
Manufacturing,5,39,3701000.0,82700.0,225700.0,4447000.0,812,60.13663269334536,83.1041750711644,0,1
Retail,5,18,2343000.0,62700.0,115300.0,1091000.0,386,89.42961562473104,50.120137638274656,0,0
Retail,4,11,1291000.0,54200.0,63200.0,445000.0,942,82.87095593638018,93.45651117952222,0,0
Retail,2,6,602000.0,31100.0,28800.0,506000.0,50,88.6038245670132,60.74781167429008,0,0
Logistics,6,20,1362000.0,19700.0,90300.0,510000.0,545,53.210647062558515,66.34584976220863,0,0
Manufacturing,2,13,1195000.0,18400.0,78200.0,209000.0,804,48.794700817714116,78.29428390771533,0,0
Manufacturing,16,86,3834000.0,137000.0,181900.0,610000.0,847,67.0712250982986,80.11807523471396,0,0
Logistics,6,20,2126000.0,47400.0,130200.0,1128000.0,839,61.1558823082605,74.3853136088419,0,0
Retail,6,19,2112000.0,75300.0,101700.0,670000.0,281,32.157077183198005,50.872607177552666,0,0
Logistics,3,10,1363000.0,21700.0,96300.0,326000.0,808,47.249222828722594,39.25813781552358,0,0
Retail,1,15,935000.0,10300.0,66200.0,403000.0,446,78.18920557871074,58.07139412467875,1,1
Manufacturing,1,15,554000.0,17700.0,36000.0,173000.0,33,55.07836565692974,84.26445915253727,0,0
Services,4,19,1753000.0,24700.0,125000.0,99000.0,353,87.54781764786517,74.67126802565951,0,0
Logistics,1,10,1092000.0,11700.0,74400.0,457000.0,154,94.0656766890256,45.3736726934734,0,0
Logistics,6,21,2478000.0,47200.0,170000.0,1031000.0,81,83.33832920256319,85.10071825830575,0,0
Retail,13,83,4593000.0,89400.0,282500.0,609000.0,838,82.3484284705884,80.13771457491129,0,0
Retail,13,80,4999000.0,144600.0,271200.0,2641000.0,544,57.502649923557605,78.18850453531515,0,0
Retail,7,42,3731000.0,125300.0,193400.0,604000.0,383,96.34296469256924,90.81225913754275,0,0
Manufacturing,2,14,976000.0,22000.0,53500.0,272000.0,275,59.51069214291117,53.948741701496836,0,0
Services,12,45,5641000.0,116600.0,356000.0,1337000.0,638,78.8360064944338,82.99341589035257,0,0
Manufacturing,14,35,2966000.0,101500.0,150000.0,1043000.0,934,59.15892284725679,58.09977587232862,0,0
Services,2,12,1427000.0,36400.0,75600.0,339000.0,641,85.06162909058519,91.41464484391871,0,0
Retail,9,54,5182000.0,127100.0,304200.0,2591000.0,692,66.15269915398491,57.557231542775355,0,0
Manufacturing,3,18,2091000.0,63800.0,109200.0,2139000.0,593,57.69037123594849,77.90322455450044,0,0
Retail,10,42,2937000.0,58100.0,182200.0,161000.0,781,93.40843578569097,49.74548754935554,1,0
Services,30,122,14920000.0,199100.0,1062600.0,6699000.0,596,75.7504820059205,42.810749345448286,0,0
Logistics,1,7,447000.0,1400.0,29700.0,150000.0,834,47.42583338864176,90.37797393718431,0,1
Services,14,51,4709000.0,98400.0,302100.0,2557000.0,217,85.38528861084457,80.93142547523891,0,0
Logistics,6,43,2471000.0,49900.0,152900.0,852000.0,653,60.55705009490217,36.79342441192618,0,0
Logistics,22,68,5775000.0,130400.0,342200.0,449000.0,949,95.91204976004613,81.34830006201842,0,0
Services,4,20,1368000.0,45100.0,69700.0,103000.0,424,74.49179518331877,48.5217590390835,0,0
Manufacturing,12,43,2709000.0,40100.0,190800.0,1332000.0,847,81.4566139158401,44.27679272299648,0,0
Retail,1,14,1911000.0,66000.0,100600.0,899000.0,94,84.65720177292675,75.9756680225419,0,0
Manufacturing,3,17,881000.0,43300.0,42600.0,433000.0,702,42.36185334658385,48.82493653872979,0,0
Services,1,5,588000.0,33500.0,39100.0,211000.0,127,61.44877444770624,65.7499023672136,0,0
Services,23,47,6502000.0,214400.0,329400.0,1917000.0,637,63.32845627903875,81.93920466287132,1,1
Manufacturing,11,68,2522000.0,63500.0,141400.0,1346000.0,835,67.38329707406095,78.13474258940971,0,0
Logistics,12,62,6721000.0,250400.0,313300.0,3528000.0,151,79.50322448902132,89.08375439206341,0,0
Services,17,38,2339000.0,76800.0,116000.0,1268000.0,659,66.68689901004802,85.25885706136926,0,0
Manufacturing,1,11,432000.0,21500.0,21900.0,209000.0,898,46.61284791728258,66.02276224951069,0,0
Retail,3,19,1469000.0,42500.0,69500.0,742000.0,854,72.64147470366031,97.75911916125673,0,0
Services,1,15,1998000.0,57700.0,127700.0,317000.0,203,50.289647685531754,90.32027153842071,0,0
Manufacturing,2,14,507000.0,14200.0,34900.0,521000.0,291,85.8232466399764,74.33234721855072,0,1
Logistics,2,12,1161000.0,18200.0,65100.0,470000.0,751,90.96054985797922,67.68075156506626,1,0
Retail,4,26,2279000.0,24900.0,159300.0,1211000.0,117,60.98439247857258,89.23463116244048,0,0
Services,2,13,1647000.0,58600.0,85200.0,553000.0,121,75.10950033590909,79.02752760436321,0,0
Services,1,14,613000.0,26900.0,33600.0,125000.0,589,80.80149576288498,71.57504313865705,1,0
Services,2,15,1598000.0,43100.0,79900.0,557000.0,930,86.02406601414617,63.33912201769108,0,0
Retail,1,8,851000.0,23100.0,53500.0,335000.0,771,68.38003735237653,82.4641349419461,0,0
Services,22,69,7262000.0,172900.0,416700.0,1163000.0,187,82.07176554133025,89.56710238688161,0,0
Services,9,20,2679000.0,54500.0,168000.0,662000.0,932,33.61008938336879,87.40024412759242,0,0
Retail,21,89,10807000.0,187800.0,721700.0,8330000.0,859,65.73516272090929,87.14871481209862,0,0
Services,4,13,512000.0,7100.0,31200.0,121000.0,345,72.84942639817882,71.28566269629908,1,1
Manufacturing,2,19,1605000.0,20400.0,101300.0,381000.0,736,35.10572231087884,64.96902830641815,1,1
Retail,10,67,5145000.0,61800.0,368100.0,1323000.0,205,68.16348998130256,45.54811986352507,1,1
Manufacturing,3,15,1013000.0,24800.0,54800.0,527000.0,684,68.76026383244577,62.660929703842235,0,0
Manufacturing,3,13,1071000.0,34600.0,59700.0,455000.0,845,83.90865981046464,90.5758841219191,3,1
Manufacturing,2,10,753000.0,6300.0,49400.0,38000.0,239,31.06570654069141,43.90983320782723,0,1
Logistics,1,9,724000.0,8800.0,45400.0,313000.0,698,58.227334275322484,83.40799624973853,0,0
Retail,2,11,1516000.0,33300.0,76900.0,637000.0,337,75.89396897376,54.91912775833988,0,1
Logistics,3,15,665000.0,19400.0,37400.0,36000.0,522,72.87670029447138,67.4008578302527,0,0
Manufacturing,7,30,3955000.0,96100.0,232200.0,2049000.0,562,85.74722436058856,45.041940652650716,0,0
Retail,1,9,769000.0,10500.0,44100.0,272000.0,148,77.36900511542795,72.37763834373176,0,0
Retail,2,14,1407000.0,47400.0,71400.0,389000.0,51,94.3014038306714,70.78329795020483,0,0
Logistics,10,23,2810000.0,42200.0,200200.0,2722000.0,107,59.883474737345,56.453550628798865,3,1
Retail,1,5,364000.0,4300.0,24300.0,96000.0,89,73.79679784245928,95.22349816699274,0,0
Retail,3,21,1684000.0,43000.0,99500.0,214000.0,770,97.23323372643426,86.76032524452219,0,0
Services,12,63,4914000.0,94600.0,317100.0,2645000.0,197,54.87559986953109,50.90651520749259,1,1
Retail,2,15,1115000.0,4700.0,78600.0,191000.0,731,76.55534658443518,41.65742544057208,0,0
Manufacturing,1,9,1190000.0,56600.0,59000.0,487000.0,473,77.03574140579398,37.59714889994182,1,1
Manufacturing,4,13,1586000.0,44800.0,83600.0,193000.0,713,81.11940356498135,55.59645185156155,0,0
Services,3,21,975000.0,27300.0,59200.0,209000.0,692,91.48170337111765,78.87906063620437,0,0
Manufacturing,5,18,834000.0,19100.0,56600.0,226000.0,641,75.79598440858508,67.81382743927824,0,0
Services,10,59,4716000.0,171000.0,220900.0,689000.0,423,75.6916254512765,36.912373806199525,0,0
Retail,1,12,544000.0,10500.0,39700.0,330000.0,221,69.43427082065557,74.0491109810727,0,0
Services,6,25,2500000.0,64400.0,145900.0,709000.0,259,74.79151182210549,55.18804547606144,0,0
Logistics,5,23,1152000.0,20500.0,64200.0,380000.0,347,86.87068383031654,68.61015753177735,0,0
Services,1,12,1078000.0,29100.0,58100.0,908000.0,687,91.72938183606875,63.03210157697484,0,0
Retail,6,39,1395000.0,40700.0,70600.0,113000.0,539,71.66939703922658,57.014006383833795,0,0
Logistics,2,7,478000.0,3800.0,32300.0,232000.0,308,91.33754089894283,85.65359461204015,0,0
Retail,5,22,2334000.0,15800.0,168300.0,333000.0,930,64.54623374093765,80.34970851389194,2,1
Retail,1,6,515000.0,22400.0,29500.0,84000.0,762,72.99616211185231,83.31986267627485,0,0
Retail,4,13,1790000.0,33100.0,128900.0,681000.0,287,87.96024763420284,77.12740110822159,1,1
Services,3,21,2662000.0,47400.0,182300.0,757000.0,393,72.00261384877516,45.95528804023801,0,0
Services,11,29,2108000.0,61300.0,124500.0,632000.0,640,52.27979060058618,74.62977220632891,0,0
Logistics,1,7,278000.0,2500.0,17900.0,70000.0,678,84.9697047640669,91.01506479148331,0,0
Retail,4,30,3714000.0,89700.0,214700.0,1682000.0,40,82.71059331002758,86.39922553235839,1,1
Retail,4,17,2222000.0,42900.0,136000.0,797000.0,694,41.26338374466638,73.08803674091736,0,0
Logistics,8,55,6664000.0,244400.0,316100.0,784000.0,558,66.85050090365434,84.29235886576475,0,0
Manufacturing,6,30,1453000.0,28500.0,94400.0,344000.0,747,69.59015658002674,82.05185342591247,0,0
Manufacturing,7,25,3495000.0,125300.0,165300.0,3511000.0,732,80.46741844912195,86.89579410000005,0,0
Retail,10,27,1678000.0,35600.0,114600.0,561000.0,947,33.51031898983272,72.95255894537213,0,0
Retail,12,75,8328000.0,126600.0,570600.0,1917000.0,868,88.6120272024378,81.9058292194359,0,0
Retail,3,13,1694000.0,45800.0,88700.0,400000.0,624,49.51229833680733,39.73621308420093,1,1
Manufacturing,5,29,1733000.0,44100.0,94900.0,655000.0,105,94.94672412284565,82.2463492633965,0,0
Manufacturing,11,36,4693000.0,119300.0,277200.0,1449000.0,490,41.20537246114454,62.78765571221939,0,0
Manufacturing,28,57,3847000.0,89500.0,239400.0,4005000.0,903,76.07685128770744,60.00746875467772,1,1
Services,14,44,6051000.0,183500.0,325200.0,1622000.0,740,57.096713656655204,53.15349854662775,0,0
Retail,3,20,1291000.0,42600.0,80200.0,760000.0,202,95.765626130695,67.06837126061562,2,1
Retail,2,12,1621000.0,60600.0,87600.0,815000.0,583,43.28444683614082,53.74142904289779,0,0
Logistics,5,26,1056000.0,41500.0,50000.0,357000.0,633,85.20901115189659,84.71685234707489,0,0
Manufacturing,9,31,3394000.0,120300.0,155800.0,1131000.0,209,83.05374055472599,93.8850496215026,0,0
Services,5,24,2181000.0,65300.0,106000.0,871000.0,548,84.57513086203816,83.63755720473416,3,1
Logistics,4,17,1448000.0,19700.0,97900.0,512000.0,712,71.88375331690843,45.30857757633126,1,1
Manufacturing,11,40,2339000.0,31900.0,169000.0,790000.0,894,42.429805744104414,78.7322401294913,0,0
Retail,3,17,1854000.0,62400.0,106700.0,461000.0,99,67.20707185754492,60.67612549225747,0,0
Services,12,78,4293000.0,103800.0,257300.0,2341000.0,606,65.77189838401199,39.84017420371762,2,1
Services,4,21,1954000.0,74800.0,97400.0,2117000.0,855,46.20712425198314,73.4792489384863,1,1
Retail,3,22,1355000.0,28400.0,82600.0,576000.0,91,69.41196973445058,82.6768908158117,0,0
Retail,4,23,3113000.0,109300.0,155100.0,992000.0,344,64.07838991676432,56.57391832946438,0,0
Manufacturing,9,60,2280000.0,53800.0,142800.0,641000.0,397,66.83272635459937,76.6656103680339,3,1
Services,1,12,672000.0,-7800.0,48000.0,96000.0,447,93.05489270258404,60.5515889511756,0,0
Manufacturing,2,13,786000.0,21900.0,40300.0,159000.0,391,69.0940376760755,78.80572498458783,0,0
Services,19,82,6435000.0,113600.0,430200.0,6206000.0,355,36.728414513940045,80.88342679468532,1,1
Retail,2,21,1248000.0,48200.0,58000.0,346000.0,191,94.76276266359729,66.59050130307762,0,0
Retail,6,39,3377000.0,82100.0,189700.0,1659000.0,440,67.98235053278111,43.36168306945964,3,1
Retail,6,19,2406000.0,63500.0,117600.0,298000.0,438,96.2929909533045,83.53637098384343,0,0
Manufacturing,5,11,1207000.0,30700.0,67000.0,367000.0,188,90.97440455384651,87.24210562055212,0,0
Manufacturing,7,15,1438000.0,46500.0,72800.0,537000.0,420,85.87936686073434,89.97987686682829,0,0
Manufacturing,2,16,710000.0,12300.0,39800.0,219000.0,96,68.69918617590972,60.23213278510601,0,0
Manufacturing,5,32,3452000.0,90900.0,197900.0,1707000.0,35,60.20088643820476,84.70742677224196,0,0
Logistics,3,9,472000.0,17900.0,25500.0,257000.0,705,50.349531410286595,94.0893373557627,0,0
Retail,7,30,3527000.0,74000.0,225300.0,381000.0,412,52.89055749950724,60.62712339674159,0,0
Manufacturing,1,10,613000.0,-11400.0,43600.0,70000.0,344,89.27918948294698,55.31335844882677,0,0
Services,6,27,2127000.0,45800.0,120900.0,245000.0,239,78.57442090859661,73.63317140520013,2,1
Services,2,15,1077000.0,32200.0,55100.0,421000.0,791,74.91275281660229,77.12118222517826,0,0
Services,2,16,2003000.0,64800.0,106700.0,473000.0,416,75.83674441356803,58.695172927711035,0,0
Services,2,12,579000.0,12100.0,40100.0,241000.0,795,76.55168641920041,88.45240013479493,0,0
Manufacturing,2,11,1038000.0,26400.0,63900.0,262000.0,777,42.74808214379024,73.32554669911583,0,0
Retail,11,50,2496000.0,59300.0,145600.0,908000.0,799,75.93849524749476,72.4778960239235,0,0
Logistics,3,11,1199000.0,37400.0,59900.0,1151000.0,908,95.77418625029665,10.527660878112076,0,0
Logistics,16,55,7152000.0,173900.0,416300.0,2318000.0,869,53.80440893130955,64.91528078611712,1,1
Manufacturing,22,139,11208000.0,340600.0,599500.0,7909000.0,935,53.01144087756033,63.17863935042032,0,0
Services,6,34,2932000.0,26600.0,210400.0,276000.0,452,73.56503498039231,53.00711549119449,2,1
Manufacturing,1,10,1324000.0,24200.0,92900.0,338000.0,286,59.834877954633946,89.77817423475312,1,1
Manufacturing,3,10,897000.0,33200.0,43200.0,290000.0,294,81.73532135230592,75.5452067287209,0,0
Retail,10,47,4051000.0,94000.0,243200.0,1138000.0,237,62.993259830913416,81.18987575278835,0,0
Retail,3,22,2106000.0,60600.0,109600.0,2326000.0,601,75.92342068485746,72.43605410779143,1,1
Retail,1,9,966000.0,14500.0,55200.0,486000.0,677,88.61499551783695,64.71299998872685,2,1
Manufacturing,5,17,786000.0,5300.0,55000.0,362000.0,885,81.54284509030185,76.61670684674559,0,0
Services,12,39,4727000.0,106100.0,285200.0,1123000.0,523,81.764410934987,53.32102974249615,0,0
Retail,10,55,4440000.0,106700.0,244300.0,1814000.0,356,48.57089675546239,79.38681651590501,0,0
Manufacturing,2,15,639000.0,18800.0,32900.0,158000.0,943,69.48481976159549,76.54300832418366,0,0
Services,7,26,3056000.0,54800.0,207300.0,508000.0,631,94.6480190544474,53.67308990494969,1,1
Services,2,13,970000.0,24300.0,61100.0,215000.0,56,83.68394664653488,45.52181300950351,1,1
Services,2,19,865000.0,17300.0,50800.0,163000.0,190,87.4154234724107,77.4643756478363,0,0
Services,13,79,8022000.0,253200.0,415700.0,1732000.0,259,92.10503746155719,58.97917073473218,0,0
Logistics,2,13,1656000.0,42500.0,91100.0,464000.0,267,91.57027394876273,81.47496430640277,0,0
Retail,2,15,1923000.0,22500.0,138900.0,1015000.0,288,85.98535965384451,64.00698521339075,0,0
Manufacturing,1,11,1491000.0,46900.0,89700.0,308000.0,348,35.80111630914638,87.68713761521266,0,0
Retail,13,87,10971000.0,298300.0,623700.0,5499000.0,618,64.45543094929687,62.988854745401056,0,0
Retail,10,56,1973000.0,49900.0,118700.0,324000.0,25,95.76405516792956,82.07803392865796,0,0
Retail,6,17,1274000.0,16500.0,85700.0,185000.0,166,52.67143160748159,49.97202864676617,0,0
Logistics,9,39,4717000.0,138800.0,260300.0,3222000.0,203,68.72843741053694,47.90670207060471,0,0
Retail,1,10,735000.0,10500.0,37300.0,284000.0,690,52.94183856656569,32.05123661681305,0,1
Manufacturing,4,20,1963000.0,40100.0,121500.0,142000.0,652,57.287026118207486,63.06832951842893,1,0
Manufacturing,3,12,1184000.0,27400.0,75900.0,190000.0,225,64.3944625508346,60.989774551044626,2,1
Logistics,1,9,660000.0,17700.0,43200.0,405000.0,111,91.73364727003008,71.35549376646154,0,0
Manufacturing,4,32,4159000.0,60400.0,291500.0,896000.0,835,76.32880465178968,80.30689028557718,0,0
Services,16,57,5007000.0,139000.0,280600.0,2034000.0,353,76.02728427364973,79.6746281179142,0,0
Retail,1,12,1006000.0,34100.0,48200.0,307000.0,61,76.45214703821621,79.29197001585699,0,0
Retail,3,11,1537000.0,21400.0,111000.0,200000.0,834,74.62003661272176,47.811838583895415,0,0
Retail,2,8,695000.0,10100.0,40200.0,346000.0,750,43.31595418067543,79.76999140936795,0,1
Services,2,6,322000.0,-200.0,20300.0,140000.0,71,30.22904109302248,80.59503966938648,2,1
Retail,15,39,3466000.0,66900.0,222400.0,1440000.0,89,68.66542204217939,61.402833958584694,2,1
Logistics,4,14,1687000.0,39300.0,102700.0,742000.0,268,79.28329316249398,87.19080671486921,1,1
Retail,4,10,1166000.0,22600.0,60000.0,620000.0,677,83.53460606927341,41.830137951984305,0,0
Retail,9,30,3534000.0,62700.0,235400.0,1058000.0,585,75.7559280779966,82.23853346405457,0,0
Services,2,9,984000.0,21400.0,66800.0,352000.0,851,75.47457425642922,59.074197223409605,0,0
Logistics,5,19,1172000.0,25500.0,71500.0,255000.0,612,40.38258881518036,54.266443388304296,0,0
Logistics,4,23,2887000.0,88500.0,171100.0,1123000.0,184,59.27188694978166,46.73544334673172,0,0
Services,6,21,2705000.0,87500.0,132500.0,762000.0,160,58.17874605163124,72.48906671495655,0,0
Services,30,152,8419000.0,293400.0,405300.0,4995000.0,853,88.16449078741535,85.92834567138638,0,0
Logistics,9,31,1510000.0,39400.0,83300.0,721000.0,47,35.955221527313164,40.52243967875007,0,0
Services,4,17,2336000.0,67100.0,127000.0,175000.0,529,75.96189758617923,70.21904849998168,2,1
Logistics,11,68,8580000.0,94100.0,618300.0,4213000.0,810,74.32929163517117,63.703860783267096,0,0
Logistics,2,7,902000.0,3100.0,60800.0,429000.0,271,73.51964340487667,48.77153617656992,0,0
Retail,1,11,1409000.0,22900.0,90100.0,427000.0,140,75.77719934586963,81.57586035801492,0,0
Logistics,2,19,1746000.0,39800.0,104900.0,1137000.0,127,44.13589504212148,74.44447734674367,0,1
Manufacturing,3,19,1955000.0,74100.0,98600.0,451000.0,829,90.14543456976848,58.54967905521197,0,0
Services,5,28,2583000.0,45000.0,187900.0,1413000.0,819,85.98917609549503,87.85004105349672,0,0
Services,6,22,888000.0,34800.0,49900.0,94000.0,356,88.1044850363577,95.36436114991251,0,0
Manufacturing,15,34,3851000.0,126900.0,187800.0,1329000.0,62,74.44684232092534,64.32976346171921,0,0
Services,5,32,2818000.0,61900.0,167400.0,1101000.0,378,90.15216946290175,82.59418863002055,0,0
Manufacturing,5,38,3914000.0,51400.0,273500.0,4467000.0,801,75.46973689559795,85.899036940032,0,1
Retail,1,4,351000.0,18800.0,24700.0,154000.0,412,98.574127176869,58.65700014915739,0,0
Logistics,1,12,1040000.0,37300.0,48000.0,387000.0,209,52.52015336371525,83.86188607984818,1,0
Manufacturing,5,34,1803000.0,13000.0,126600.0,431000.0,865,66.20757946485367,66.10594911825164,0,0
Services,4,17,1093000.0,28800.0,58300.0,259000.0,751,81.80808019507803,76.77625899427422,0,0
Services,11,26,1344000.0,55100.0,63000.0,161000.0,739,85.56560841593706,75.0204203427759,0,0
Retail,2,13,722000.0,15800.0,49900.0,354000.0,335,56.02210679048012,80.06370415612857,0,0
Manufacturing,1,9,1234000.0,15300.0,85900.0,524000.0,808,82.27433872067327,34.668355653090025,0,0
Retail,4,15,766000.0,21600.0,47700.0,328000.0,152,77.69145496451179,37.712750356610606,0,0
Retail,2,20,1265000.0,9200.0,78000.0,476000.0,369,56.7343494305854,81.26099929862073,0,0
Services,1,5,485000.0,8100.0,33100.0,325000.0,859,67.71691460669271,76.23188812313566,0,0
Retail,8,38,3765000.0,66600.0,254000.0,471000.0,84,70.71797345586035,62.59631690621619,0,0
Retail,1,9,461000.0,-600.0,32400.0,99000.0,825,73.32294652967934,54.49154078290598,0,0
Retail,6,23,2722000.0,54000.0,166100.0,322000.0,596,30.37275773810906,80.92345745454982,0,0
Retail,2,15,1762000.0,4300.0,127600.0,727000.0,497,44.37284292458818,31.653122881206556,0,0
Logistics,2,11,659000.0,19300.0,48300.0,86000.0,734,75.31741137756636,74.21841390000178,0,0
Manufacturing,3,13,849000.0,23400.0,41600.0,340000.0,726,78.74624770315214,47.250100958156025,0,0
Logistics,10,49,6541000.0,94400.0,452600.0,5718000.0,73,63.912064622743095,82.10742276415053,0,1
Retail,3,10,1217000.0,33700.0,72500.0,751000.0,785,74.34623641012917,48.88080357714911,0,0
Services,9,39,4222000.0,125400.0,238500.0,497000.0,403,93.17565502839146,91.08151517546926,0,0
Retail,1,6,262000.0,4200.0,16400.0,120000.0,867,94.31024986829061,41.572662549199066,0,0
Retail,9,32,2525000.0,86500.0,119600.0,530000.0,365,62.43467317143785,92.94437665525224,0,0
Services,2,8,750000.0,19100.0,44800.0,300000.0,860,94.1898365374159,98.8240852339279,1,0
Manufacturing,7,43,2351000.0,42100.0,164100.0,554000.0,883,58.42608004890566,70.6331234153659,0,0
Services,6,37,3036000.0,94600.0,157000.0,1410000.0,353,26.76310477915499,66.53912864174488,1,1
Logistics,16,102,10007000.0,250300.0,576000.0,4308000.0,691,97.98020213701474,70.90345155167999,0,0
Manufacturing,3,14,971000.0,-1000.0,69600.0,307000.0,771,77.7345239060927,52.78797996654323,0,0
Retail,1,7,819000.0,11300.0,47200.0,335000.0,610,50.457277827493606,78.47602391696252,0,1
Logistics,1,11,1356000.0,44400.0,75500.0,1150000.0,450,91.96838856680597,89.03972516821281,1,1
Manufacturing,11,64,4415000.0,109600.0,255800.0,1872000.0,464,62.33184674749403,81.78528054441526,0,0
Retail,5,35,4307000.0,95200.0,258900.0,1373000.0,391,65.61272583261487,76.17097670845666,0,0
Retail,9,21,963000.0,13600.0,60900.0,124000.0,405,54.168369425863915,85.91232441085039,1,1
Retail,2,10,1230000.0,19700.0,83500.0,207000.0,495,45.38030319690592,49.21932777344489,0,0
Manufacturing,3,23,1174000.0,27500.0,68400.0,273000.0,835,89.62659876621348,55.04821118332883,0,0
Services,1,12,524000.0,5700.0,35800.0,234000.0,128,85.09854942583111,56.90709487507187,0,0
Services,20,67,6860000.0,167400.0,415100.0,2874000.0,760,67.96206456103582,71.37223276960636,1,1
Services,7,36,3044000.0,98100.0,167900.0,3444000.0,788,56.047593333341474,46.62302251960572,0,0
Logistics,17,103,13424000.0,247600.0,858200.0,1065000.0,917,84.74425487856398,70.23859004911466,0,0
Manufacturing,2,6,439000.0,10400.0,28800.0,54000.0,186,73.4148651508311,90.64020197923128,0,0
Logistics,6,21,1368000.0,24100.0,83700.0,547000.0,32,63.892898206903624,59.837610203273194,1,1
Manufacturing,7,43,3766000.0,133300.0,178500.0,714000.0,249,62.83952454368805,71.00459462683763,0,0
Manufacturing,3,23,1906000.0,65000.0,96300.0,414000.0,324,89.83545316091312,74.56589170858003,0,0
Retail,12,51,3629000.0,105900.0,194800.0,1174000.0,909,83.62882163241939,72.19491864065365,0,0
Retail,18,91,9814000.0,293600.0,526100.0,993000.0,683,64.75233110659772,46.006765392364954,0,0
Logistics,13,60,6885000.0,136000.0,443100.0,2557000.0,737,68.76497411705769,53.807599471336154,0,0
Logistics,9,33,4111000.0,154400.0,190500.0,874000.0,295,56.73558384713736,73.42443421745182,3,1
Retail,2,21,2880000.0,43000.0,191800.0,1055000.0,845,48.982168542084516,53.962873530267174,0,0
Retail,2,11,693000.0,15900.0,36800.0,324000.0,210,76.29281568119895,64.82291647516854,3,1
Services,20,109,12011000.0,336500.0,652900.0,1628000.0,129,44.499131382694664,63.15626892395865,0,0
Retail,1,12,917000.0,14300.0,55300.0,473000.0,411,41.5337849739507,68.23104512116274,0,0
Retail,8,17,1804000.0,72600.0,93400.0,569000.0,686,44.5221250894368,88.58043196565846,0,0
Manufacturing,8,35,2974000.0,32900.0,208600.0,1521000.0,681,88.263108838513,78.45117976999006,0,0
Logistics,6,24,3344000.0,108000.0,161100.0,515000.0,577,66.92901421415836,64.88893008171546,0,0
Logistics,28,64,7138000.0,183000.0,414400.0,2515000.0,432,75.84977125827288,42.68516136446856,0,0
Manufacturing,3,16,2160000.0,29600.0,149500.0,544000.0,298,91.05317136561088,31.925632834865958,1,1
Manufacturing,3,14,1717000.0,33700.0,107800.0,751000.0,599,28.75058074383341,89.80440401466412,0,0
Logistics,1,12,1558000.0,57200.0,83900.0,550000.0,342,73.05581044837366,75.1386225323411,1,1
Logistics,4,22,2651000.0,73100.0,152200.0,1739000.0,355,36.69199586547469,58.853724447364556,1,1
Retail,2,13,1082000.0,15300.0,70600.0,548000.0,636,85.41070089484474,90.36214916416931,0,0
Services,3,25,1536000.0,13100.0,111500.0,809000.0,812,87.38234752601797,72.18384452653744,1,1
Manufacturing,11,48,3546000.0,41900.0,249600.0,1252000.0,235,68.18999595888576,97.38052244260712,0,0
Retail,17,55,2042000.0,64400.0,112800.0,723000.0,23,75.67282800770231,49.80514251175183,0,0
Services,2,8,720000.0,4700.0,52800.0,261000.0,923,93.01486359713891,60.312653737674694,2,1
Retail,3,11,968000.0,21800.0,44500.0,261000.0,96,64.7678920291433,89.19680016620003,0,0
Retail,16,101,9105000.0,334200.0,424200.0,2671000.0,846,59.319838267406325,81.22801886462943,0,0
Retail,1,12,1647000.0,12200.0,112800.0,873000.0,308,89.86703968644109,69.05239764855955,0,0
Retail,1,12,1568000.0,67600.0,80500.0,653000.0,389,40.0812044629929,83.69394260493172,0,0
Services,2,8,416000.0,7100.0,19800.0,44000.0,548,60.43911006788313,74.98992301555508,0,0
Retail,6,19,1401000.0,42200.0,73300.0,219000.0,429,86.44155545123407,71.84644444433971,0,0
Services,1,7,557000.0,16400.0,32100.0,661000.0,113,68.90060641357503,66.10604723057695,0,1
Manufacturing,21,43,3133000.0,52300.0,206500.0,1295000.0,696,76.02810457566481,49.96376113343455,2,1
Manufacturing,4,12,1426000.0,26700.0,89800.0,724000.0,716,85.30181956284495,37.89923279181705,2,1
Manufacturing,5,37,3331000.0,106600.0,174400.0,1484000.0,632,91.54144118651719,89.29073324806326,0,0
Logistics,2,10,951000.0,34800.0,56700.0,883000.0,846,86.93726009086137,84.62167653874737,0,0
Retail,4,14,1744000.0,27100.0,124400.0,710000.0,791,77.12066117553465,61.292609948794365,0,0
Services,7,29,3469000.0,64200.0,236700.0,685000.0,396,81.37475127860266,69.82542818454691,1,0
Retail,9,47,2297000.0,57300.0,125700.0,747000.0,877,79.01926334380185,81.83829791953261,0,0
Services,9,52,5718000.0,62500.0,416500.0,2080000.0,518,61.03104092042446,90.6760648792084,0,0
Manufacturing,6,39,3148000.0,58000.0,205600.0,915000.0,461,68.53368563062195,68.36479528450084,1,1
Services,15,96,6330000.0,229300.0,301000.0,2935000.0,694,41.57404282449962,41.09426477652613,0,0
Logistics,11,24,966000.0,46300.0,45200.0,994000.0,358,62.1023037294348,50.75981812871736,0,0
Logistics,9,45,3877000.0,125600.0,195700.0,1843000.0,439,64.0243733578381,51.500427323985996,0,0
Services,1,10,723000.0,9400.0,47600.0,327000.0,639,75.16621587131264,46.609448048733746,1,1
Logistics,1,6,368000.0,16200.0,18700.0,108000.0,854,63.467354041957705,60.953134904338704,0,0
Retail,2,17,1835000.0,28800.0,109900.0,975000.0,320,73.64002035272092,63.824378202360435,0,0
Manufacturing,7,37,4284000.0,147800.0,207300.0,1995000.0,162,71.88408850676716,49.563813576691274,1,0
Manufacturing,4,24,1457000.0,16600.0,103700.0,949000.0,863,39.44946026165236,64.42089718263922,1,1
Services,4,21,844000.0,16300.0,46700.0,146000.0,746,69.00008913811064,59.95730971302476,0,0
Retail,13,82,10178000.0,135900.0,720700.0,6821000.0,468,54.00150503496587,79.68434761207499,0,0
Logistics,14,31,1117000.0,4400.0,80200.0,135000.0,47,87.77063798694928,69.08600749806516,0,0
Retail,15,91,12139000.0,452100.0,558400.0,10604000.0,746,86.56632774184006,75.09737320630381,0,0
Manufacturing,3,19,1917000.0,49800.0,112300.0,418000.0,515,53.919573366563654,59.65639703381712,0,0
Manufacturing,8,54,3715000.0,147600.0,172800.0,670000.0,333,51.1129987590528,58.43324300947905,0,0
Logistics,2,12,731000.0,9000.0,51800.0,386000.0,711,80.93964213607545,83.44227314083746,0,0
Retail,2,14,503000.0,19200.0,30200.0,221000.0,207,55.537691385072705,44.28620215282726,0,0
Manufacturing,2,10,597000.0,26800.0,28600.0,265000.0,887,70.20619768528833,36.72275477112387,0,0
Retail,3,13,643000.0,23200.0,31400.0,233000.0,194,72.86238842647391,59.502819974156516,0,0
Manufacturing,4,14,1390000.0,28700.0,78400.0,653000.0,881,77.72458930333698,88.90247197504208,2,1
Retail,11,74,3884000.0,33800.0,278400.0,1668000.0,532,46.80187949840202,43.97599622756636,0,0
Retail,1,7,634000.0,12600.0,41100.0,222000.0,405,63.307223146863166,89.99292012407649,0,0
Logistics,8,44,4266000.0,53900.0,297300.0,2263000.0,535,40.187577215392025,58.892263730859476,0,1
Retail,5,26,1724000.0,54600.0,96400.0,251000.0,371,31.035459029707386,46.05141981065143,0,0
Retail,3,16,619000.0,28500.0,29100.0,323000.0,587,69.9755169114555,42.20780281644819,0,0
Manufacturing,5,19,739000.0,6400.0,53700.0,409000.0,478,82.49574215555565,87.71597143403133,0,0
Manufacturing,3,17,642000.0,14500.0,29700.0,202000.0,944,61.804829458846065,62.561450736863655,0,0
Retail,6,16,1802000.0,24700.0,129600.0,201000.0,689,45.60064259707407,83.05472383405235,0,0
Retail,4,23,1573000.0,34900.0,88000.0,503000.0,113,27.677540455771698,93.23694149773982,0,0
Retail,2,11,1305000.0,42500.0,60200.0,464000.0,162,74.92300700312677,58.810219769674156,0,0
Retail,1,12,964000.0,10000.0,62500.0,529000.0,584,50.477911131815254,88.85248446145091,0,0
Logistics,5,34,2807000.0,28500.0,204300.0,1509000.0,741,53.49874388462113,42.68806367660283,0,1
Services,14,86,7641000.0,93000.0,553100.0,8991000.0,330,73.41339040701968,66.39882630880852,0,1
Logistics,3,14,1538000.0,50800.0,77300.0,345000.0,196,52.40673612241233,44.35617949847564,0,0
Manufacturing,8,50,3186000.0,100100.0,161900.0,3836000.0,561,50.26245795918767,88.7939195846586,0,1
Retail,7,41,1958000.0,30800.0,120200.0,1200000.0,317,95.3108906004132,94.70888597498359,0,0
Manufacturing,17,103,9619000.0,196500.0,609500.0,4578000.0,572,27.549899519361343,43.32397985310481,0,0
Manufacturing,11,72,4992000.0,79500.0,330300.0,790000.0,613,91.59028826782921,42.13538371239105,0,0
Services,6,40,3258000.0,106900.0,165500.0,987000.0,18,61.39763061670499,54.79423445971573,0,0
Manufacturing,7,38,3911000.0,40700.0,282400.0,4600000.0,792,62.76765383184717,43.612420051503854,1,1
Retail,14,86,7472000.0,155700.0,473700.0,3912000.0,121,56.75305664714995,64.0541396574012,0,0
Retail,4,27,2703000.0,37100.0,186900.0,2338000.0,89,72.87508503887574,73.23672925105075,1,1
Logistics,3,18,1659000.0,37100.0,100700.0,1644000.0,54,67.89138199825531,57.314035549298836,1,1
Retail,1,5,563000.0,18600.0,32200.0,78000.0,653,73.32500109737371,58.22555754503364,0,0
Manufacturing,11,39,4256000.0,62100.0,309400.0,1748000.0,709,62.125762554045075,78.33895638159636,0,0
Retail,10,29,2642000.0,63900.0,163400.0,2093000.0,133,87.00249835372367,89.99816014435169,0,0
Retail,1,5,531000.0,6500.0,37000.0,112000.0,87,67.51442511648236,54.64369374609311,0,0
Manufacturing,6,19,2408000.0,27200.0,173500.0,257000.0,566,71.1006103110299,45.45445571150936,0,0
Retail,4,13,1045000.0,15600.0,67300.0,240000.0,218,78.89626926995695,64.08356947416652,0,0
Manufacturing,1,9,705000.0,8200.0,43000.0,291000.0,110,69.107473128668,57.29173223067349,0,0
Manufacturing,24,55,6339000.0,232700.0,291100.0,766000.0,293,63.10349075861236,93.25399744385663,0,0
Retail,2,13,1250000.0,39300.0,58700.0,355000.0,157,88.57757772730955,93.24637678764947,1,1
Manufacturing,1,8,340000.0,16100.0,17500.0,78000.0,129,89.49232484578478,84.06422300149778,0,0
Retail,6,45,5790000.0,178900.0,295000.0,1883000.0,490,54.54661635560514,85.44703681152856,3,1
Logistics,9,63,2409000.0,84100.0,127300.0,971000.0,898,44.66317006153414,48.76258521107853,0,0
Services,1,8,909000.0,32500.0,49300.0,357000.0,147,59.598774988838265,66.29270299664297,0,0
Manufacturing,7,38,4358000.0,120400.0,242900.0,1341000.0,182,89.861564693753,85.39806008466613,1,0
Manufacturing,5,12,1621000.0,42100.0,93000.0,1009000.0,928,75.7666090316464,80.91809893306284,0,0
Manufacturing,1,11,448000.0,11100.0,21800.0,112000.0,259,90.90042594567485,56.973661580321824,0,0
Retail,2,10,977000.0,37700.0,45900.0,470000.0,291,43.97360886227154,85.48217094042425,0,0
Logistics,6,30,2398000.0,54100.0,154400.0,517000.0,273,56.06481201390805,79.5347593579025,1,1
Manufacturing,3,20,1394000.0,26000.0,84500.0,553000.0,60,62.707202267853305,91.50609400487187,1,1
Services,17,107,4760000.0,108100.0,276300.0,2007000.0,360,87.78826592890007,92.89383120154365,0,0
Manufacturing,11,37,3481000.0,75400.0,220300.0,800000.0,861,57.579309844116764,68.15638011465818,0,0
Retail,25,156,13307000.0,198700.0,912800.0,6301000.0,909,79.71926234769208,64.01196335275561,0,0
Logistics,2,9,414000.0,1700.0,23800.0,89000.0,251,93.18965944748217,90.94608207739702,2,1
Services,21,88,8739000.0,167800.0,554600.0,7733000.0,67,72.42665094451233,87.82019574384464,0,0
Logistics,4,29,3262000.0,30000.0,235000.0,237000.0,162,87.95458272616106,86.94896214422674,2,1
Services,3,24,2774000.0,34200.0,191200.0,673000.0,713,77.19329845845647,40.443101142456335,0,0
Retail,1,8,1041000.0,24300.0,59900.0,231000.0,547,65.801149599495,82.1659171207751,1,0
Services,1,12,936000.0,16400.0,59500.0,429000.0,104,93.27293591161869,66.9279489374936,0,0
Manufacturing,8,17,2296000.0,69700.0,116400.0,1225000.0,247,70.75678723710016,78.48022186838726,0,0
Services,4,17,2140000.0,41200.0,131100.0,600000.0,741,41.10147338729049,49.504556179370894,0,0
Retail,2,16,1058000.0,9300.0,77000.0,489000.0,895,78.62750909205609,43.44671433725547,0,0
Services,6,38,1966000.0,47100.0,118100.0,786000.0,65,75.31437370135777,46.92982119956437,0,0
Retail,2,15,1211000.0,12000.0,86400.0,1426000.0,679,75.4005751855072,78.64830549946676,1,1
Retail,6,33,2548000.0,76300.0,145300.0,1161000.0,850,72.52469381402013,84.17520563570996,1,1
Retail,3,17,1623000.0,20300.0,119000.0,144000.0,642,86.3606775470098,90.8576579966504,0,0
Logistics,11,70,6738000.0,132600.0,416200.0,2740000.0,408,64.41861395708985,52.97624811850148,0,0
Manufacturing,11,74,8417000.0,310000.0,395600.0,2675000.0,228,81.86780412041512,16.09589754676731,0,0
Manufacturing,4,20,1771000.0,42700.0,109700.0,103000.0,465,42.542061947056645,73.61555593479326,0,0
Manufacturing,3,9,414000.0,8900.0,22100.0,160000.0,353,76.90404929605891,65.37956811811031,0,0
Manufacturing,3,19,2377000.0,75000.0,111100.0,1214000.0,365,95.0825162507283,72.69229009520689,0,0
Services,10,23,1553000.0,23300.0,106200.0,797000.0,663,52.4262230813858,74.62208331678129,0,0
Manufacturing,3,11,1507000.0,45000.0,80500.0,677000.0,299,79.62581526546582,91.85170149525752,0,0
Services,2,10,474000.0,-1600.0,32100.0,256000.0,947,42.82668914717108,78.03083594623232,0,0
Retail,1,12,1627000.0,36500.0,87500.0,737000.0,892,49.31616888011868,60.851075741363516,0,0
Manufacturing,4,25,1114000.0,35100.0,57000.0,61000.0,597,97.08855293405189,74.22625191204905,0,0
Logistics,4,19,1126000.0,10200.0,81800.0,218000.0,259,67.89104396623425,60.759958287693436,0,0
Logistics,12,38,1516000.0,38400.0,84600.0,99000.0,564,60.10916199961096,61.76498902913781,0,0
Retail,2,19,2072000.0,42800.0,129200.0,201000.0,742,87.3227883266034,93.12044676334168,1,1
Retail,3,7,870000.0,9200.0,54500.0,139000.0,653,88.82146594684855,31.91254535892386,0,0
Logistics,10,69,5560000.0,119400.0,340500.0,3703000.0,598,50.3257152887966,77.58331547595739,3,1
Manufacturing,11,23,3047000.0,41900.0,216300.0,1444000.0,240,82.42447167005581,85.1561903890876,0,0
Services,3,16,1552000.0,26600.0,99900.0,746000.0,841,59.864757372113644,58.379123714069095,0,0
Services,4,18,1821000.0,34700.0,103700.0,652000.0,455,44.370198058473484,78.84410687286449,0,0
Logistics,3,13,1609000.0,18400.0,111900.0,1825000.0,488,82.53798145935173,55.17585171627039,3,1
Manufacturing,17,54,3573000.0,107600.0,181600.0,1072000.0,458,76.098612377759,83.21267402992939,3,1
Logistics,1,8,578000.0,15200.0,35100.0,286000.0,810,72.99331751717199,53.97911818530089,0,0
Manufacturing,17,52,6766000.0,79400.0,487000.0,1874000.0,426,84.08645477229113,48.38262460636185,0,0
Manufacturing,7,46,5962000.0,107800.0,375800.0,1125000.0,828,63.80009817265626,81.92527369588858,0,0
Retail,5,27,3713000.0,61900.0,253600.0,4164000.0,260,95.99055830087227,73.62820519684234,1,1
Retail,1,12,1556000.0,21500.0,99300.0,838000.0,597,90.09489356282648,69.71805137878985,0,0
Services,4,15,726000.0,23000.0,50000.0,219000.0,721,91.65638339052073,76.59462660271676,1,1
Logistics,4,19,2308000.0,26200.0,165700.0,495000.0,514,63.079703610495244,81.46307431305645,0,0
Logistics,2,19,1483000.0,34500.0,79100.0,566000.0,564,72.89304347611547,51.15319475166049,0,0
Retail,7,51,7091000.0,223700.0,358100.0,3882000.0,131,51.19572146779328,73.48652547635042,0,0
Retail,22,50,4229000.0,105100.0,250100.0,586000.0,764,77.07730531232644,91.9204863844101,0,0
Retail,5,11,1025000.0,15500.0,66800.0,1131000.0,378,95.38743906133676,60.19094837550094,0,1
Services,8,24,2175000.0,67200.0,113300.0,113000.0,928,72.08483315498698,75.60755820090851,2,1
Manufacturing,1,7,481000.0,30900.0,22100.0,246000.0,218,51.27013468495074,96.80262291960413,1,1
Services,4,11,472000.0,7600.0,26100.0,63000.0,365,44.038021981501636,78.79251645948847,0,0
Retail,1,7,903000.0,10300.0,65400.0,387000.0,333,77.40661730902517,82.93005626472133,0,0
Retail,6,32,3817000.0,81500.0,247900.0,287000.0,373,64.741000605646,74.51905031168174,0,0
Logistics,17,43,2135000.0,58700.0,121400.0,698000.0,531,35.9496155985035,57.33292491270808,0,0
Retail,7,28,3264000.0,92200.0,166900.0,645000.0,503,84.55220834251293,54.370915586616384,2,1
Services,1,15,1511000.0,45900.0,84100.0,177000.0,683,46.10436594924573,78.3355888241519,0,0
Services,3,18,1403000.0,36700.0,70900.0,612000.0,121,76.41195216325626,79.22171139993921,0,0
Retail,5,25,1542000.0,64600.0,75200.0,245000.0,754,54.39203568696625,58.3014561602436,0,0
Retail,4,32,4009000.0,43800.0,283700.0,649000.0,668,77.21894696585227,73.38677635202454,0,0
Retail,11,67,7271000.0,97000.0,532700.0,3009000.0,840,85.96416686746578,81.6279076699904,0,0
Services,11,41,3793000.0,136800.0,191000.0,1302000.0,186,72.38300354173491,55.47785057077724,0,0
Manufacturing,6,19,1881000.0,61400.0,89000.0,714000.0,672,84.1813993832715,56.93925114878956,0,0
Retail,3,10,446000.0,12800.0,24500.0,26000.0,533,91.68632578303932,69.46914467408588,0,0
Retail,2,10,848000.0,27100.0,49600.0,145000.0,869,85.29453436322996,83.2474888417691,0,0
Logistics,1,3,166000.0,11600.0,8500.0,44000.0,879,59.939660277441355,78.2153056325304,0,0
Manufacturing,3,20,1138000.0,36800.0,61600.0,246000.0,827,54.7004937201753,56.664002907088076,0,0
Logistics,4,13,1358000.0,53500.0,69700.0,668000.0,542,81.98522201291084,47.52911995503929,0,0
Services,7,30,3920000.0,62600.0,263100.0,1740000.0,334,65.06699859185167,72.98817534163882,0,0
Manufacturing,7,29,2244000.0,37300.0,146800.0,814000.0,51,67.20268066000004,85.43024568839293,0,0
Manufacturing,1,10,568000.0,8600.0,36000.0,124000.0,513,93.50917365237288,55.82043255822205,0,0
Services,4,32,3300000.0,95500.0,186400.0,1321000.0,679,76.52573326066528,65.85941017681624,0,0
Manufacturing,2,14,1771000.0,25100.0,125400.0,836000.0,279,64.51700981611476,40.01951660343682,0,1
Services,2,18,2044000.0,24500.0,148200.0,710000.0,709,64.18742116163749,84.95407718012045,0,0
Retail,11,28,3534000.0,122000.0,178900.0,1563000.0,682,50.83476168812886,56.44344463472968,0,0
Manufacturing,1,8,731000.0,6500.0,38000.0,310000.0,663,82.03271543431124,82.62705012481571,1,1
Services,4,13,1481000.0,36600.0,89300.0,497000.0,922,74.45929393769799,88.87696484929371,0,0
Retail,2,8,398000.0,15700.0,19200.0,82000.0,416,65.5963581388773,75.47336286437888,0,0
Retail,13,83,5940000.0,164900.0,343500.0,2512000.0,616,67.79918931038893,81.71964483793295,0,0
Retail,5,25,1898000.0,28500.0,117400.0,291000.0,232,73.11047880888503,44.39587333857127,1,1
Retail,2,9,798000.0,31000.0,48000.0,351000.0,344,54.19252742357944,89.9690696291169,0,0
Manufacturing,5,16,2121000.0,60900.0,116500.0,959000.0,200,93.92878218790958,91.78164394598973,1,1
Retail,8,57,7228000.0,167100.0,439100.0,3333000.0,395,62.325842210112704,73.20113220925793,0,0
Services,20,122,5993000.0,80100.0,432700.0,1717000.0,223,64.99054461553632,92.08155725588779,0,0
Retail,2,11,585000.0,23100.0,30100.0,86000.0,577,67.21290486873215,56.967473281323045,0,0
Logistics,14,60,4353000.0,88100.0,277900.0,435000.0,302,88.62789666311907,28.460625612344494,0,0
Retail,17,58,3801000.0,140000.0,178700.0,1603000.0,102,73.47852894315058,70.0914466838713,1,0
Logistics,15,83,8263000.0,290900.0,393800.0,4075000.0,150,77.31261495978998,40.3183014410544,0,0
Manufacturing,7,33,4283000.0,95400.0,261300.0,1608000.0,172,92.11224170283401,65.14874225852108,0,0
Services,6,13,1769000.0,55500.0,86200.0,216000.0,808,66.02780938238867,68.68154705193254,1,1
Retail,4,28,2902000.0,106700.0,134800.0,1502000.0,934,86.85257125727468,59.283754334330794,0,0
Manufacturing,9,30,3690000.0,102300.0,186500.0,2009000.0,169,71.4758255169379,48.60102846684196,0,0
Manufacturing,5,25,2254000.0,53000.0,138300.0,601000.0,477,86.08359773818786,99.28640684127615,0,0
Manufacturing,7,41,2332000.0,41400.0,152000.0,810000.0,234,77.03497108792226,36.93045084151668,0,0
Retail,4,10,901000.0,26100.0,46300.0,395000.0,473,51.00051877973579,76.58954058607024,0,0
Retail,8,23,2146000.0,42800.0,137800.0,897000.0,181,74.43499720509746,48.887840523169466,0,0
Services,11,47,5309000.0,160900.0,270000.0,2834000.0,336,96.66562666057258,50.719232534072255,2,1
Retail,1,6,349000.0,22600.0,21900.0,37000.0,705,59.90064882752366,77.53017843122039,2,1
Manufacturing,11,25,1842000.0,47400.0,105300.0,627000.0,855,70.7415360584798,90.39837095577677,0,0
Retail,5,24,1757000.0,33100.0,112100.0,696000.0,576,71.15615486745824,86.42393448708128,0,0
Logistics,12,30,4072000.0,33500.0,298100.0,2016000.0,827,76.8309830088016,76.97368495998398,0,0
Manufacturing,4,26,2122000.0,25000.0,152000.0,1034000.0,526,67.90351797456539,85.25060474633925,1,1
Manufacturing,3,22,2514000.0,105100.0,115500.0,1355000.0,101,54.417958172089776,70.68607682830891,1,1
Manufacturing,15,98,11156000.0,155000.0,783000.0,3414000.0,559,71.62367780544312,82.51076232370566,0,0
Logistics,2,13,817000.0,36000.0,38900.0,380000.0,289,65.01375678428545,70.39766654983356,1,1
Logistics,12,67,6368000.0,76200.0,458800.0,1679000.0,155,90.72222261674843,91.49642695553119,0,0
Retail,4,17,2191000.0,62300.0,117400.0,572000.0,732,74.02985406564059,55.19766484588471,0,0
Services,5,15,1273000.0,22800.0,71700.0,225000.0,750,46.900885734892114,70.22117152730054,0,0
Services,3,23,3087000.0,106300.0,149300.0,3128000.0,639,88.35028990590003,75.1932098421642,0,0
Retail,6,40,2301000.0,77300.0,112600.0,1249000.0,804,76.65894689042833,95.99595833053259,0,0
Services,3,15,642000.0,19600.0,42300.0,114000.0,930,79.2267583865734,83.85297081879771,0,0
Manufacturing,1,8,1029000.0,14300.0,73900.0,80000.0,367,65.12556621166586,55.329356453160585,0,0
Manufacturing,2,9,1116000.0,36000.0,69900.0,511000.0,19,66.26185171024234,91.52803607967208,0,0
Retail,1,3,418000.0,17000.0,27400.0,151000.0,396,71.57379079487359,54.71322894930648,0,0
Manufacturing,23,71,7550000.0,121300.0,504200.0,8828000.0,738,68.73554676736173,72.70178317060324,0,1
Retail,21,65,8668000.0,248100.0,459900.0,1527000.0,782,74.68834600395712,82.96324235090768,3,1
Services,4,24,2924000.0,117100.0,137700.0,552000.0,348,92.50250192537167,39.880926685667326,1,1
Manufacturing,8,56,6925000.0,270200.0,317800.0,2051000.0,489,53.90335475254624,65.11019628015508,0,0
Manufacturing,3,11,1042000.0,18100.0,57800.0,97000.0,942,60.49445025241389,95.22970616753182,0,0
Retail,7,20,1503000.0,58400.0,78900.0,272000.0,44,85.50322590340838,87.2405358467261,0,0
Services,10,55,7322000.0,265100.0,348100.0,827000.0,361,90.41225076089322,89.64526347873189,0,0
Retail,18,57,4581000.0,150400.0,232600.0,742000.0,936,77.23553476571816,64.21561244322596,0,0
Retail,4,29,2656000.0,103500.0,130800.0,604000.0,608,71.45755120134267,90.14672227755779,0,0
Manufacturing,10,45,3683000.0,56200.0,261500.0,1941000.0,507,79.91441397981112,53.88594633672589,0,0
Manufacturing,2,9,849000.0,33800.0,42200.0,161000.0,762,93.08307059744641,76.49086604252217,0,0
Services,28,115,9706000.0,224200.0,588400.0,2640000.0,509,98.01079799344569,62.76659361997909,0,0
Services,1,8,320000.0,11700.0,19900.0,353000.0,870,54.95108140080585,42.65139110657991,0,1
Manufacturing,6,22,2808000.0,60100.0,170700.0,1091000.0,402,90.74423189224756,76.45745352729585,0,0
Services,7,28,2287000.0,79000.0,111100.0,821000.0,887,64.54997682253958,83.27801373356797,2,1
Retail,7,44,4261000.0,115200.0,232700.0,1716000.0,849,84.78287367788103,73.80058092050834,0,0
Services,1,7,347000.0,9900.0,16400.0,356000.0,267,68.7482399940031,87.54058062700847,0,0
Retail,17,38,1344000.0,32900.0,76200.0,1450000.0,644,84.58229185781096,68.13941754304311,0,1
Retail,2,11,668000.0,16500.0,34100.0,248000.0,44,74.34122470084662,65.13853779220403,0,0
Retail,6,32,3487000.0,78000.0,213700.0,1726000.0,637,78.16633358204243,90.55147477748578,0,0
Logistics,2,11,500000.0,6700.0,32400.0,351000.0,926,78.28532394658325,85.49400578227102,0,1
Manufacturing,3,17,2217000.0,54700.0,134100.0,418000.0,780,72.88856494122426,86.17317104555634,0,0
Manufacturing,5,27,1555000.0,26800.0,89800.0,762000.0,725,76.08761581238622,85.84364269676783,1,1
Retail,4,33,1864000.0,49100.0,105300.0,598000.0,821,32.759612918281974,90.01270167211399,0,0
Logistics,2,18,973000.0,15000.0,67100.0,1080000.0,356,76.39407144283251,46.5637135243405,0,1
Manufacturing,2,13,474000.0,12400.0,24600.0,33000.0,823,63.09090609490726,91.74730206602989,0,0
Logistics,4,24,2785000.0,46800.0,183900.0,693000.0,301,67.81483410863908,69.55290648026751,0,0
Services,9,39,4948000.0,69800.0,329900.0,2592000.0,411,52.39930247420559,73.19403657337887,0,0
Manufacturing,14,35,3482000.0,93300.0,199700.0,609000.0,523,64.65634896391907,96.79417576040846,0,0
Logistics,1,9,493000.0,19700.0,26600.0,257000.0,258,88.00410228330732,91.22357992043115,0,0
Retail,3,17,1104000.0,31000.0,64900.0,582000.0,235,72.77360324662007,56.82364577486814,0,0
Services,1,14,1190000.0,49900.0,57600.0,584000.0,170,89.63268197230848,62.49045084020263,0,0
Manufacturing,1,11,1487000.0,55500.0,70000.0,493000.0,397,84.60413481309136,68.27189844697452,0,0
Logistics,7,46,2805000.0,100400.0,137200.0,1048000.0,762,75.13710170476327,68.78018533401634,2,1
Services,6,42,4697000.0,153200.0,239500.0,2277000.0,334,56.01523485684311,48.86715274621589,0,0
Services,2,19,1542000.0,41900.0,92100.0,675000.0,387,70.69434727973719,71.06995685213387,0,0
Logistics,2,15,994000.0,1400.0,68800.0,363000.0,545,59.27167742617161,52.002353690394244,0,0
Retail,1,8,663000.0,13400.0,34700.0,359000.0,229,52.13674545901005,79.15667460953291,0,0
Retail,11,36,1529000.0,30700.0,109400.0,601000.0,381,76.54960475057256,57.763570014888266,0,0
Services,23,123,14620000.0,144600.0,1054000.0,7862000.0,128,67.82523184535282,69.17715414831963,0,0
Retail,1,4,242000.0,1500.0,17500.0,19000.0,214,34.32916271231706,61.521496542096486,0,0
Manufacturing,2,19,2112000.0,40000.0,145400.0,557000.0,39,60.63528504459891,59.25391873333017,0,0
Services,13,66,2784000.0,75800.0,155500.0,768000.0,948,83.5802094755672,82.04431380311975,0,0
Logistics,16,82,11093000.0,390600.0,530600.0,2689000.0,135,61.288983311426314,75.63252157484213,1,0
Logistics,4,20,1105000.0,25200.0,67900.0,488000.0,756,86.75130970536873,84.72202302095914,0,0
Manufacturing,1,13,1660000.0,33900.0,101600.0,477000.0,625,34.77970575010112,89.29971679603,0,0
Logistics,1,10,1200000.0,17200.0,83000.0,646000.0,872,56.99439549798703,63.20045277872328,0,1
Retail,6,27,3689000.0,31800.0,270100.0,766000.0,17,87.67124008418956,79.74953209314923,0,0
Logistics,3,19,1618000.0,46900.0,96800.0,428000.0,912,68.75822416996644,58.09519604699056,0,0
Manufacturing,1,11,1225000.0,45700.0,67800.0,507000.0,787,68.3326448073632,96.96575151973678,0,0
Logistics,6,20,1478000.0,46800.0,75300.0,502000.0,459,71.34796630877098,78.95790685338748,0,0
Services,1,7,381000.0,3200.0,17500.0,30000.0,268,66.2512582863677,34.042215401224084,0,0
Manufacturing,10,65,5299000.0,120300.0,317100.0,662000.0,34,65.27548329517215,37.231302843446564,1,1
Services,3,16,838000.0,17200.0,51200.0,354000.0,218,64.4141407165592,68.57987353075602,0,0
Retail,1,8,1105000.0,20400.0,75700.0,158000.0,820,60.50881468274816,51.90455114799511,0,0
Services,6,22,992000.0,15400.0,59200.0,166000.0,371,89.66552827435808,52.290072870379646,0,0
Logistics,4,20,1937000.0,17700.0,137600.0,1909000.0,142,67.05989440033045,78.62956291372839,0,1
Retail,22,71,7155000.0,148800.0,451500.0,692000.0,372,73.72989807572495,27.547971697683217,3,1
Logistics,5,25,2287000.0,40400.0,157700.0,615000.0,306,95.42538997028555,81.45160085696197,0,0
Services,2,7,732000.0,19500.0,36500.0,99000.0,188,79.50687212415613,73.33048229303233,0,0
Retail,8,40,1888000.0,15800.0,130900.0,422000.0,747,76.2296476347867,36.81033200539469,0,0
Retail,2,14,1306000.0,51000.0,84100.0,1151000.0,369,63.41072642713532,49.42416992639937,1,1
Logistics,15,77,5017000.0,170900.0,253400.0,477000.0,895,82.04256962509402,84.7550365858934,0,0
Services,3,17,2273000.0,71300.0,116000.0,2479000.0,51,84.5742745381982,66.74468842477235,0,1
Logistics,5,29,3336000.0,47100.0,237900.0,1684000.0,324,99.75571490349468,56.49252695298787,2,1
Logistics,1,13,1782000.0,64200.0,83300.0,183000.0,675,96.50546909456573,67.96934956369715,0,0
Retail,4,29,1129000.0,34900.0,66100.0,1359000.0,931,87.58397805564265,64.88151093494287,0,1
Services,11,50,3247000.0,95100.0,176800.0,645000.0,618,80.39869944517608,94.10920987987122,0,0
Manufacturing,10,25,1388000.0,27400.0,89000.0,128000.0,596,81.22805016737829,90.00924895169148,0,0
Retail,2,13,470000.0,5900.0,32400.0,25000.0,98,77.6007069922205,59.649934950276794,0,0
Manufacturing,2,12,725000.0,8400.0,40400.0,184000.0,524,45.226978535550785,37.88240692519851,0,1
Retail,11,50,5314000.0,152400.0,305900.0,1939000.0,458,87.26838658162865,67.08686886749203,1,1
Retail,16,67,3971000.0,34200.0,289200.0,858000.0,434,47.29014418261718,90.59488890042138,0,0
Retail,1,9,796000.0,1900.0,53600.0,373000.0,219,73.98766697719813,55.88480908986016,0,0
Logistics,4,23,2949000.0,36100.0,207900.0,1204000.0,502,82.46564232800159,61.09042026535151,0,0
Retail,3,18,1941000.0,41700.0,112400.0,437000.0,793,69.18967715277432,84.2977510412694,2,1
Retail,13,72,5503000.0,170600.0,287600.0,2296000.0,102,94.6998390055455,92.68377703269678,0,0
Manufacturing,1,5,371000.0,15200.0,21200.0,193000.0,266,74.58025770984614,73.34125288687517,1,1
Retail,2,14,1160000.0,28600.0,76000.0,112000.0,737,65.69627166590585,69.04910197122922,0,0
Manufacturing,9,57,3055000.0,111900.0,149200.0,620000.0,869,81.6573400841336,71.10425107344872,3,1
Manufacturing,1,12,1219000.0,34200.0,64900.0,343000.0,45,74.94006526687515,83.86130676353628,0,0
Retail,5,28,2051000.0,74700.0,96600.0,613000.0,883,88.71631513262328,85.58054820153329,2,1
Logistics,4,15,1867000.0,51000.0,107800.0,599000.0,435,88.40541582506022,87.27869479959308,0,0
Retail,3,15,1717000.0,11200.0,117800.0,344000.0,842,81.06114185306203,90.99591097972693,0,0
Retail,4,20,1982000.0,77500.0,92200.0,760000.0,75,62.87178509876068,61.5469421658571,0,0
Retail,5,27,1978000.0,25800.0,127400.0,737000.0,593,82.1901220417469,74.83980481855727,0,0
Services,2,21,1198000.0,30600.0,85600.0,406000.0,240,85.7553530647839,93.28218743801443,0,0
Retail,6,44,5126000.0,155600.0,268300.0,548000.0,939,66.82667391704781,74.32219815018755,2,1
Retail,10,38,3271000.0,58800.0,212300.0,944000.0,349,67.61787809800437,68.10627284353855,0,0
Manufacturing,9,36,2110000.0,16400.0,153300.0,481000.0,853,72.66287619268023,84.28660374956007,0,0
Retail,2,9,499000.0,400.0,36100.0,147000.0,593,75.67497678512207,70.62578391475878,2,1
Retail,1,9,471000.0,32800.0,24600.0,241000.0,654,90.10882643608173,75.27912309755584,0,0
Retail,2,7,816000.0,35800.0,39700.0,237000.0,125,68.76149945875532,96.95825311869021,1,0
Retail,3,11,649000.0,9300.0,32400.0,37000.0,505,48.65640598837234,91.7965128954778,1,1
Retail,4,24,2167000.0,51400.0,141200.0,584000.0,286,58.573135472526104,78.84625729744691,0,0
Retail,7,26,2143000.0,47100.0,141000.0,986000.0,827,85.46732043381338,83.65980015028597,0,0
Logistics,1,8,767000.0,12300.0,49400.0,745000.0,48,60.6001237821563,88.7223681269414,3,1
Services,1,13,1652000.0,49100.0,91000.0,507000.0,226,77.20764433423668,56.58016111938402,0,0
Logistics,3,22,2774000.0,90900.0,140100.0,485000.0,314,78.58158482839502,71.91166100047019,0,0
Services,8,46,3789000.0,97300.0,234200.0,1071000.0,387,73.48156015956523,66.20415149676113,1,1
Manufacturing,2,17,622000.0,8700.0,36800.0,206000.0,139,81.20022599184841,98.20086293948475,0,0
Manufacturing,7,26,2074000.0,37400.0,136600.0,1141000.0,117,80.36309260099918,86.83062659494232,0,0
Manufacturing,2,8,789000.0,16600.0,45700.0,294000.0,732,93.76347501041376,87.8267132774335,0,0
Retail,14,88,8234000.0,220600.0,454100.0,7216000.0,134,82.48151225805611,84.94847240747703,0,0
Services,14,36,3722000.0,127100.0,200600.0,1101000.0,696,65.5258395326736,93.53312225654534,0,0
Manufacturing,3,23,1177000.0,27800.0,60800.0,267000.0,561,59.32224406580745,53.05908023869408,1,1
Services,2,11,1132000.0,35900.0,60200.0,517000.0,908,73.8927028898194,73.27041495593276,0,0
Manufacturing,4,10,542000.0,4900.0,26300.0,161000.0,345,86.78985997992127,43.03742372179538,1,1
Services,2,13,1479000.0,38200.0,81900.0,810000.0,772,51.48350785365755,57.14648956280827,0,0
Retail,7,37,2612000.0,98700.0,122300.0,1606000.0,866,83.24509670628184,89.04259201028825,0,0
Manufacturing,11,40,4382000.0,135300.0,223300.0,368000.0,940,64.48577819681375,39.78387066359013,1,0
Retail,7,47,1881000.0,36600.0,124800.0,736000.0,323,74.67334128212862,80.99752580930111,0,0
Retail,11,34,2646000.0,73300.0,145000.0,194000.0,584,73.60881982203912,65.58924815865853,0,0
Retail,4,22,2399000.0,55200.0,154000.0,420000.0,426,64.58613029240993,76.60337937620794,0,0
Retail,2,12,706000.0,23400.0,46300.0,160000.0,413,51.94791184711705,47.91356395222289,0,0
Services,9,34,4029000.0,82000.0,249100.0,1691000.0,948,32.84714823875294,82.50017270298082,0,0
Retail,3,17,1721000.0,19700.0,124300.0,511000.0,320,64.37625720156572,76.56410731710808,0,0
Retail,7,40,3868000.0,144200.0,179600.0,249000.0,667,20.805694639029166,74.17376812749055,0,0
Retail,2,8,577000.0,14800.0,38200.0,207000.0,637,89.62091206730679,64.89204977815488,0,0
Logistics,1,13,1114000.0,12500.0,80400.0,285000.0,177,77.72124858158215,50.441383764787574,0,0
Retail,30,151,14756000.0,205000.0,1026200.0,7539000.0,637,91.95419065319011,77.46178390781834,0,0
Retail,2,16,1354000.0,42600.0,68300.0,896000.0,678,86.21170852022468,68.45996241564421,1,1
Manufacturing,27,165,17873000.0,510500.0,979800.0,7229000.0,902,30.469622659243388,91.03323789417142,0,0
Manufacturing,23,78,6282000.0,216200.0,317700.0,1002000.0,79,69.1333410095143,55.0312715191336,1,0
Logistics,10,45,2531000.0,58200.0,157900.0,1090000.0,632,77.49827376588762,54.108741386217055,0,0
Manufacturing,7,27,1552000.0,33400.0,101500.0,1406000.0,230,52.44948649422181,66.91814409041854,0,1
Retail,6,33,1175000.0,39600.0,64100.0,590000.0,617,81.4883084497909,20.21987809249854,0,0
Logistics,13,74,4928000.0,110400.0,299000.0,330000.0,928,63.830774924539654,95.67242435546818,0,0
Manufacturing,3,26,2955000.0,57200.0,191600.0,1785000.0,40,53.86552516472703,69.48697658615637,1,1
Retail,4,21,2486000.0,55800.0,142700.0,968000.0,683,49.18471255075104,75.30130165726297,0,0
Retail,6,34,1913000.0,37000.0,132600.0,187000.0,598,66.85773230868008,74.87075347049786,0,0
Services,4,22,2985000.0,26400.0,200100.0,762000.0,58,53.49093682651448,91.16633616716776,1,0
Retail,4,17,1492000.0,52600.0,71000.0,777000.0,104,68.87803235643923,86.76505656359902,0,0
Services,3,14,1838000.0,46700.0,115600.0,1087000.0,147,86.23884769841278,53.96688019323905,0,0
Retail,5,29,3167000.0,87400.0,165600.0,1719000.0,175,69.78985283477498,92.46997977694897,0,0
Manufacturing,12,38,4213000.0,96600.0,257700.0,330000.0,758,55.38412931460878,94.89034771496969,0,0
Retail,2,18,791000.0,3400.0,57100.0,323000.0,394,76.5502920471421,61.59549767574588,0,1
Services,17,111,6449000.0,83000.0,451500.0,2196000.0,275,91.30913561701726,92.53878641576993,1,0
Retail,8,41,1473000.0,46400.0,83900.0,442000.0,397,82.06795941563679,59.771438835154136,0,0
Services,11,51,5620000.0,167300.0,302600.0,3009000.0,383,68.59085982386112,79.8009974597808,0,0
Services,5,31,2206000.0,52300.0,115300.0,253000.0,125,44.17880047520537,50.352914320116085,1,0
Manufacturing,10,63,7409000.0,161500.0,448100.0,8143000.0,690,58.61792119099516,94.85816945317666,1,1
Manufacturing,1,3,212000.0,15100.0,10400.0,84000.0,91,59.014732044721086,48.113208268245856,0,0
Retail,11,26,3147000.0,74000.0,191800.0,565000.0,223,80.97196073107979,53.9269698601132,0,0
Retail,1,12,585000.0,35900.0,26800.0,293000.0,27,60.684354860289815,69.60291727344267,0,0
Services,14,44,2341000.0,80400.0,128100.0,620000.0,935,80.39901200983388,53.884584892202234,1,1
Services,29,61,4318000.0,133100.0,224000.0,1974000.0,584,85.63808110449371,66.40954039434,0,0
Retail,3,20,1558000.0,36900.0,113000.0,381000.0,912,59.900911861507964,54.88293963882821,0,0
Manufacturing,2,8,573000.0,10200.0,37700.0,272000.0,870,45.685596891892295,87.82954651036906,3,1
Logistics,9,53,6105000.0,162500.0,338500.0,2249000.0,562,64.54523278773496,52.08157918364756,0,0
Retail,2,13,587000.0,15400.0,28400.0,71000.0,39,48.83305830990399,86.93306124435125,1,0
Services,13,85,6110000.0,124200.0,366900.0,2290000.0,560,72.93072074146238,76.62187005718546,0,0
Retail,1,11,1352000.0,55600.0,69900.0,197000.0,154,55.768067614681904,93.35986714607276,1,1
Logistics,1,8,336000.0,20400.0,20400.0,86000.0,289,82.11229015165374,83.13916032773824,3,1
Manufacturing,24,74,9912000.0,135900.0,682000.0,1340000.0,384,64.24498447653316,62.71028166148498,0,0
Retail,7,29,4018000.0,80800.0,252200.0,245000.0,888,46.04936049466555,67.93418504981963,0,0
Retail,12,63,2791000.0,56700.0,176600.0,435000.0,236,63.65630941910451,54.4798944357089,0,0
Retail,3,13,853000.0,11600.0,51800.0,271000.0,51,82.57315732864541,64.31565156844813,1,1
Manufacturing,7,36,2668000.0,18000.0,190300.0,776000.0,889,90.64734907001628,74.6872890232306,1,1
Logistics,6,42,4894000.0,56500.0,349700.0,1472000.0,143,76.80379905433333,60.11143777027365,0,0
Services,6,33,3220000.0,72800.0,193000.0,560000.0,330,86.02025977582358,95.13367417601532,0,0
Manufacturing,7,38,3901000.0,110400.0,211600.0,1531000.0,337,94.92496079524554,27.069598739557794,0,0
Manufacturing,6,25,2863000.0,73000.0,167400.0,1151000.0,447,89.39337124776173,45.21675950082227,0,0
Manufacturing,4,18,853000.0,39000.0,43500.0,195000.0,232,69.7081713284657,73.67979475425123,0,0
Retail,2,18,2205000.0,41700.0,139600.0,1082000.0,861,82.32368587173103,82.20916679750381,0,0
Retail,9,39,4255000.0,102400.0,253500.0,1583000.0,262,56.99873075406771,52.48496148515228,0,0
Retail,2,13,1243000.0,48900.0,60500.0,505000.0,125,55.908256535331745,92.96548654657019,0,0
Manufacturing,8,36,4623000.0,152700.0,237000.0,1925000.0,830,55.67870996262195,70.19592816774912,0,0
Retail,2,11,1194000.0,24100.0,70500.0,60000.0,746,65.6102307796904,73.57921328462422,1,0
Retail,6,45,2528000.0,33800.0,177600.0,1220000.0,722,79.23440883373516,64.01863099809431,0,0
Retail,9,31,2484000.0,58900.0,152500.0,1146000.0,161,46.11198397380991,26.918351628121496,0,0
Services,2,12,1042000.0,10500.0,67300.0,116000.0,358,74.28578838540972,47.205594107714354,0,0
Manufacturing,1,12,490000.0,23900.0,27000.0,116000.0,523,89.93397981161489,66.64653226727098,0,0
Logistics,1,11,1488000.0,43900.0,91600.0,1250000.0,519,27.710884873744927,61.54888553140698,3,1
Retail,6,17,825000.0,15000.0,48000.0,310000.0,566,71.55537992803809,69.3625467940808,0,0
Retail,12,53,5736000.0,112600.0,366900.0,2754000.0,148,84.02891214861823,70.78681211497458,0,0
Logistics,1,9,793000.0,33800.0,37400.0,95000.0,478,90.74679024062078,73.22667742271119,0,0
Logistics,8,23,867000.0,16400.0,51500.0,230000.0,878,78.22227115643884,51.447286643085754,0,0
Services,3,25,3302000.0,100800.0,178200.0,326000.0,205,81.90760062239531,81.72089024164991,0,0
Manufacturing,4,16,1991000.0,58100.0,109100.0,487000.0,177,79.49205665982494,61.019194574111204,0,0
Manufacturing,16,38,3422000.0,26100.0,247300.0,197000.0,470,70.71886378564083,51.56700647622069,0,0
Logistics,3,22,1299000.0,45800.0,66100.0,648000.0,75,48.84426529627531,71.94893923579288,0,0
Retail,4,25,1194000.0,25800.0,64900.0,374000.0,19,65.44581746748017,67.68623372272795,0,0
Retail,1,7,512000.0,19600.0,30600.0,243000.0,51,84.90855007720644,75.74626712036697,0,0
Manufacturing,1,6,371000.0,-300.0,25800.0,65000.0,474,89.95028375440619,64.18659498511178,3,1
Manufacturing,2,15,1323000.0,33200.0,75800.0,478000.0,231,62.554125287881355,50.09039158750576,2,1
Services,1,9,1228000.0,31900.0,81400.0,221000.0,751,65.09272682697019,84.07298650482417,0,0
Manufacturing,6,31,2956000.0,45200.0,205100.0,719000.0,742,62.99667858987775,81.11992984475827,0,0
Retail,4,20,2569000.0,65800.0,139600.0,1160000.0,153,76.15438359371196,72.68235598471551,0,0
Manufacturing,5,23,2377000.0,55400.0,134600.0,578000.0,632,45.8770190127726,76.57249522487275,0,0
Retail,2,13,1104000.0,25800.0,61400.0,168000.0,113,60.16977709386293,87.87692899967684,1,1
Manufacturing,3,25,3118000.0,48700.0,214300.0,568000.0,694,53.679744151137044,88.78250271254268,0,0
Retail,7,32,2704000.0,101000.0,127200.0,243000.0,278,59.763700229322026,57.1512187138866,2,1
Manufacturing,21,50,6310000.0,176400.0,342700.0,5988000.0,613,67.90453599925624,87.79659428968922,1,1
Services,1,12,787000.0,5400.0,50800.0,214000.0,610,87.80732132990885,88.06941661107815,0,0
Manufacturing,14,59,2863000.0,65100.0,175700.0,1183000.0,238,81.34551903087383,76.95553746802769,0,0
Retail,6,29,3619000.0,90800.0,209300.0,1416000.0,25,64.2364711468987,74.19669447519478,1,1
Services,5,34,3287000.0,91700.0,199500.0,387000.0,341,69.60822908292926,97.99860937859569,0,0
Logistics,5,16,2054000.0,66200.0,105300.0,249000.0,712,68.98435439670746,90.31298461850639,0,0
Retail,1,7,934000.0,38400.0,53900.0,399000.0,364,53.514978307390884,90.72265018721797,0,0
Retail,1,12,488000.0,2200.0,29100.0,442000.0,393,85.6729202919538,77.69734330542795,0,1
Retail,6,21,1840000.0,10800.0,129900.0,440000.0,245,55.68304816370936,84.1953146156979,3,1
Logistics,3,20,1487000.0,36200.0,78800.0,132000.0,155,85.07386334175634,86.50513579517407,0,0
Services,15,61,6144000.0,93300.0,428200.0,344000.0,632,83.66949463722393,64.58259554374007,0,0
Logistics,4,22,2603000.0,65600.0,165400.0,505000.0,779,82.21898308842192,68.26960766516564,0,0
Retail,1,10,645000.0,17600.0,29900.0,35000.0,63,59.0745719942126,48.85814737852589,1,1
Logistics,8,56,5234000.0,88300.0,344200.0,864000.0,465,53.03509223991399,56.947657580641476,2,1
Retail,3,21,2298000.0,74500.0,107600.0,597000.0,789,45.9661384305403,76.39310776195313,0,0
Manufacturing,5,23,1130000.0,-3100.0,82800.0,125000.0,505,90.23916983616712,69.28518777927347,0,0
Retail,8,24,2891000.0,44800.0,201900.0,295000.0,219,76.52653580284847,52.95563388984584,0,0
Services,14,45,4439000.0,131900.0,239800.0,2212000.0,883,94.76646384130689,84.44749758939058,0,0
Manufacturing,10,64,8621000.0,262300.0,456200.0,6521000.0,423,62.14279344428908,77.90153681011293,3,1
Logistics,7,18,1272000.0,23200.0,71600.0,658000.0,421,97.25111664575539,75.35584367166241,1,1
Manufacturing,7,26,1205000.0,46500.0,67000.0,269000.0,65,88.53135748526336,64.69060325755723,1,0
Retail,18,63,5556000.0,147500.0,311500.0,2159000.0,189,78.01530051784867,50.486772082166596,0,0
Manufacturing,3,24,1056000.0,34700.0,57600.0,161000.0,751,85.33649695189712,70.40631829529282,1,1
Retail,1,7,958000.0,7900.0,60300.0,344000.0,275,78.16976017571665,90.75103449624962,0,0
Logistics,2,18,703000.0,21700.0,35400.0,81000.0,494,92.60322785062012,63.56421767940416,0,0
Retail,2,5,571000.0,10400.0,39500.0,29000.0,748,76.18246467564744,67.89567783872215,1,1
Logistics,7,37,3335000.0,53100.0,227400.0,1720000.0,237,70.88124507218897,74.89284985251693,0,0
Logistics,7,49,3612000.0,89300.0,212900.0,1183000.0,283,62.57639860723323,57.567254203178486,0,0
Services,6,32,1341000.0,22800.0,92900.0,689000.0,824,85.27888131564715,57.60278837270532,0,0
Manufacturing,1,5,502000.0,6400.0,26400.0,109000.0,907,86.59514887002209,58.0534330689962,0,0
Retail,8,19,1833000.0,69400.0,84900.0,392000.0,915,52.132229224265934,59.32381424351997,0,0
Manufacturing,3,19,1225000.0,26000.0,77000.0,307000.0,933,80.47209551052795,59.86653822805046,0,0
Services,7,44,5745000.0,144900.0,335700.0,5110000.0,332,69.03009057994585,39.88120024062654,0,0
Services,5,18,1205000.0,27000.0,74000.0,401000.0,399,70.31100203555522,75.61927143408388,0,0
Retail,3,26,2138000.0,17100.0,150900.0,1096000.0,600,41.251820729987045,95.93183623539254,0,0
Services,1,11,1013000.0,500.0,73400.0,64000.0,640,85.80218489831879,81.76418721374414,0,0
Retail,1,5,228000.0,-13100.0,14400.0,92000.0,233,61.94373507858985,73.49627579397881,0,1
Retail,11,41,5448000.0,96300.0,364200.0,1172000.0,68,70.80773627632041,78.82067960630641,0,0
Manufacturing,16,49,3642000.0,134800.0,175300.0,510000.0,214,53.32202605250321,66.78325834316806,0,0
Logistics,7,22,957000.0,38400.0,48100.0,292000.0,898,70.84323885279827,46.28580176128596,0,0
Manufacturing,1,11,832000.0,16900.0,54900.0,252000.0,657,36.66302281601306,82.29282899595309,0,0
Services,4,20,1960000.0,33200.0,113100.0,232000.0,353,77.0417568794475,69.9915123077379,2,1
Logistics,8,49,4358000.0,101800.0,253200.0,1452000.0,718,63.31243455196891,33.1593348950858,0,0
Logistics,10,56,6044000.0,176700.0,328300.0,1536000.0,705,91.72022642344547,75.44901241999507,1,0
Manufacturing,1,10,408000.0,9600.0,25500.0,104000.0,912,91.53088397339246,91.52003493060418,0,0
Retail,1,7,454000.0,13000.0,23100.0,95000.0,319,84.30229742925903,76.67976666512108,0,0
Retail,8,37,4478000.0,93700.0,282400.0,556000.0,813,59.28610591913025,66.48208707134698,1,0
Retail,3,22,955000.0,31400.0,48300.0,110000.0,766,70.89036196417642,86.43657113280021,0,0
Manufacturing,2,9,1123000.0,41100.0,53400.0,601000.0,259,67.08409948594469,86.6409649040413,0,0
Services,1,10,446000.0,7600.0,24500.0,233000.0,856,28.373574578501042,42.49642182174478,0,1
Retail,5,27,3311000.0,111000.0,172800.0,966000.0,643,89.2095019570586,63.049395286955026,0,0
Retail,12,49,3571000.0,43100.0,251000.0,1955000.0,222,64.81173714273612,60.766789310862976,0,0
Retail,19,40,3971000.0,132300.0,188000.0,1536000.0,738,79.87488569505744,77.89255342043911,0,0
Retail,6,40,2042000.0,60500.0,103500.0,172000.0,525,68.49663216651403,39.525799433261554,0,0
Retail,5,28,1175000.0,23500.0,71600.0,128000.0,273,74.55543132701332,51.37483689809359,0,0
Retail,1,11,634000.0,23400.0,37400.0,322000.0,394,88.43454976589513,82.97697306635924,0,0
Services,5,16,775000.0,27700.0,36500.0,283000.0,177,68.01536813964331,57.46673312345649,0,0
Retail,3,20,1356000.0,49100.0,62400.0,639000.0,752,45.709649489811774,84.52283672556497,0,0
Services,6,19,1691000.0,7400.0,123500.0,1863000.0,355,83.17804133516225,50.15591330974105,0,1
Services,3,12,1162000.0,28800.0,74300.0,318000.0,946,76.01394804067387,97.48817207872851,0,0
Manufacturing,2,19,2241000.0,56300.0,125200.0,166000.0,590,84.02529936594424,42.75626323315211,0,0
Services,1,14,1455000.0,34900.0,85500.0,210000.0,942,79.652827897855,88.43729805837548,0,0
Manufacturing,3,10,989000.0,41700.0,52600.0,82000.0,772,74.3672101738222,36.583829276882916,0,0
Services,1,7,548000.0,19400.0,30300.0,79000.0,544,76.96328124404239,83.85129127888848,2,1
Retail,2,17,1441000.0,15300.0,91800.0,368000.0,48,93.92353086183682,76.7359076404311,0,0
Services,27,62,4869000.0,50200.0,341400.0,531000.0,838,54.92478970816512,55.34272960817953,3,1
Services,4,29,3579000.0,115500.0,182200.0,477000.0,337,88.25121563244942,59.85650411212817,0,0
Services,5,39,2307000.0,23400.0,159100.0,630000.0,195,62.552090747562026,69.38547104143913,1,1
Logistics,13,82,2919000.0,104900.0,143500.0,642000.0,361,87.85156234644145,61.968291708554446,0,0
Retail,30,94,9719000.0,307400.0,502900.0,2759000.0,720,43.73202704530438,81.7469044197853,0,0
Manufacturing,6,44,2475000.0,91600.0,116000.0,655000.0,206,77.64090227065562,34.114360094090515,0,0
Retail,11,67,8607000.0,283800.0,427800.0,3204000.0,593,92.55959711459477,85.48648641110351,0,0
Manufacturing,3,17,2128000.0,40100.0,151200.0,2435000.0,735,79.71222999899237,61.02463034853931,0,1
Logistics,3,17,732000.0,40900.0,42800.0,76000.0,892,37.195290214061274,54.71203950953589,0,0
Retail,4,9,416000.0,12400.0,20000.0,91000.0,693,85.52261866852281,46.18960566183528,0,0
Services,7,46,4002000.0,47300.0,289000.0,4208000.0,260,86.30731028379593,80.65413425768313,1,1
Retail,7,16,1583000.0,21900.0,110800.0,480000.0,259,68.36621088149649,33.874328985973385,0,0
Services,3,19,1213000.0,18200.0,80800.0,1160000.0,692,87.36233090442812,99.22661199434548,0,1
Manufacturing,1,10,1103000.0,6400.0,78900.0,384000.0,822,76.84903142898459,92.29516272820152,1,1
Services,7,26,2534000.0,71000.0,131500.0,2597000.0,929,49.90070511287606,71.80141674629762,0,0
Services,1,3,207000.0,-6000.0,14200.0,106000.0,737,73.11182839423755,43.625309595457246,0,1
Retail,6,19,716000.0,16500.0,46400.0,581000.0,147,77.88917710181532,58.17437407931929,0,0
Retail,8,17,1934000.0,22100.0,134900.0,199000.0,211,68.50757129729045,88.0850885398621,0,0
Logistics,8,41,2360000.0,16100.0,159900.0,2592000.0,924,86.64843712023885,72.53955138752363,0,1
Manufacturing,9,39,4782000.0,137400.0,264700.0,2134000.0,361,74.29618030276643,91.48684691211182,0,0
Retail,13,68,5381000.0,86900.0,361200.0,2289000.0,63,59.0169563055437,46.407972702285036,0,0
Retail,5,21,2007000.0,71500.0,106500.0,137000.0,78,43.49214287371186,42.125467821851686,0,0
Manufacturing,8,22,2787000.0,82300.0,152900.0,1253000.0,638,57.90907147239458,45.27118063175739,0,0
Retail,6,18,2262000.0,66300.0,110400.0,269000.0,882,60.61541870419386,67.39467308375083,0,0
Manufacturing,2,5,370000.0,-13500.0,26500.0,132000.0,711,99.29216098331909,54.72017273976583,0,1
Manufacturing,1,7,399000.0,6000.0,21500.0,135000.0,118,57.071115584918644,76.51009121958813,0,0
Manufacturing,3,18,2095000.0,43600.0,126000.0,844000.0,945,90.96650598523578,76.77621451864634,0,0
Services,4,28,2253000.0,67800.0,127500.0,858000.0,227,88.82621773733379,63.892368686603675,0,0
Retail,6,37,2041000.0,22600.0,147400.0,723000.0,531,56.55149020887752,51.176691232632606,0,0
Services,12,41,5329000.0,159900.0,293300.0,555000.0,133,80.3206747791331,85.91418514595019,0,0
Retail,2,7,391000.0,-4300.0,26300.0,148000.0,870,66.37247046122202,72.16469017422574,2,1
Retail,1,7,264000.0,11400.0,18300.0,135000.0,775,80.30280281990687,84.38950519447154,0,0
Retail,20,128,4753000.0,127100.0,274800.0,1369000.0,693,94.08146653143181,94.69953459033155,0,0
Retail,1,12,1204000.0,16500.0,67700.0,420000.0,909,88.53349265404997,82.6155812879406,0,0
Manufacturing,4,23,2403000.0,51200.0,159600.0,531000.0,256,72.11669576125031,57.47896519401188,0,0
Retail,6,41,2774000.0,35100.0,196800.0,776000.0,294,56.26397256963749,92.2035606230906,0,0
Manufacturing,5,34,2332000.0,42200.0,155300.0,451000.0,438,61.23406876293206,71.193157850819,0,0
Retail,1,9,636000.0,13000.0,33100.0,144000.0,377,79.23949090743577,45.318454512405815,0,0
Logistics,1,7,745000.0,20000.0,52300.0,106000.0,764,73.34112007832759,75.3311481232839,1,1
Manufacturing,1,8,329000.0,-700.0,18600.0,393000.0,320,68.835151224929,95.02637444700926,1,1
Manufacturing,6,40,5302000.0,121500.0,327000.0,1921000.0,731,88.7422234423564,72.48922138413948,0,0
Logistics,5,25,1459000.0,27900.0,100200.0,438000.0,500,78.26257739177605,85.69281287766579,0,0
Retail,2,7,980000.0,23900.0,50000.0,523000.0,328,72.80325196260637,79.5682726646491,0,0
Manufacturing,7,28,1484000.0,39500.0,100000.0,474000.0,527,86.1699500470572,87.09602905206214,0,0
Services,11,71,8237000.0,175700.0,512600.0,4364000.0,697,70.12553173811855,75.58467716946735,0,0
Manufacturing,1,9,526000.0,12100.0,37000.0,121000.0,181,79.2661626710189,63.48967935999516,0,0
Logistics,5,31,1348000.0,31900.0,68200.0,839000.0,408,97.94461947451629,51.74132179687157,0,0
Services,8,39,4948000.0,145300.0,284000.0,930000.0,784,72.6208227377224,67.79287089391897,0,0
Manufacturing,2,14,1752000.0,15800.0,120400.0,245000.0,77,73.38056934675727,66.92387990337774,0,0
Manufacturing,3,18,1393000.0,59700.0,64600.0,457000.0,286,56.72139014640338,93.67797025962645,0,0
Manufacturing,6,16,1740000.0,51900.0,85100.0,820000.0,51,86.42588241996152,83.92893916916262,1,1
Retail,14,33,3085000.0,26700.0,225400.0,390000.0,30,88.15510687804588,87.67153170048205,0,0
Manufacturing,10,35,4360000.0,136100.0,233500.0,639000.0,780,54.006805160400454,63.82362485810472,0,0
Logistics,6,44,2996000.0,40200.0,217700.0,520000.0,357,77.94774581958698,83.35607189675848,0,0
Manufacturing,8,57,5129000.0,156400.0,260800.0,2769000.0,360,91.63553110606757,87.50497114532021,0,0
Retail,3,22,1891000.0,60900.0,105400.0,878000.0,862,70.76347695006632,65.69843087667971,0,0
Services,7,19,1371000.0,31400.0,91200.0,477000.0,553,62.11910372198953,72.71555346912784,0,0
Services,4,23,2958000.0,49900.0,189100.0,1522000.0,637,79.41038798576753,77.31230269327096,0,0
Retail,2,5,262000.0,18400.0,16200.0,71000.0,247,80.04690258431033,57.700571620327146,0,0
Retail,8,33,1673000.0,26700.0,101100.0,906000.0,590,85.02438538559399,60.3376659630228,0,0
Retail,5,35,3345000.0,42900.0,230900.0,663000.0,623,63.26413083539252,60.3000592313739,0,0
Retail,3,27,2809000.0,91000.0,146900.0,478000.0,430,95.11332137920748,70.80586617343704,0,0
Retail,15,49,2716000.0,62000.0,157500.0,1002000.0,919,69.72505943264444,68.77917264109152,2,1
Manufacturing,1,10,760000.0,27300.0,38100.0,182000.0,281,59.41150323402097,87.46086881841424,0,0
Services,3,19,2553000.0,55800.0,158900.0,927000.0,340,66.51599860347552,66.62119618729756,2,1
Retail,1,6,365000.0,9700.0,19200.0,163000.0,940,92.07161966682168,76.96082138959777,1,0
Manufacturing,9,19,1998000.0,63300.0,109900.0,1583000.0,758,77.71660309736016,93.55713501595876,0,0
Retail,8,48,5410000.0,130900.0,318100.0,1016000.0,925,58.221068406596096,72.74333744066172,0,0
Retail,3,13,1067000.0,41100.0,49700.0,178000.0,457,87.58683694835426,32.82284968416869,0,0
Services,7,40,5338000.0,195800.0,258200.0,5962000.0,574,80.4045499957777,78.65861536353093,0,0
Logistics,4,30,3370000.0,69200.0,218000.0,1657000.0,876,82.92468565204938,74.13608292606858,0,0
Logistics,9,26,2160000.0,61800.0,124500.0,1156000.0,736,92.62196887767607,70.14207620247873,0,0
Manufacturing,4,24,2275000.0,22000.0,158400.0,929000.0,90,67.63900444726329,73.37162741517332,0,0
Retail,4,15,1616000.0,34000.0,104900.0,1396000.0,261,43.25223455846234,79.75492557521243,0,0
Retail,17,106,10301000.0,377000.0,474400.0,7491000.0,842,90.46291671385634,92.9893171592819,0,0
Manufacturing,2,18,2291000.0,36800.0,143900.0,259000.0,594,87.35205101304825,79.25388620933074,0,0
Retail,1,10,725000.0,24700.0,35100.0,105000.0,327,39.61088424927676,76.4209759487399,1,1
Logistics,6,43,2859000.0,38600.0,192400.0,557000.0,590,64.99800381683323,52.64399509772433,1,1
Manufacturing,21,64,3677000.0,43900.0,268800.0,1820000.0,708,57.83791727075529,71.7920150723688,0,0
Retail,3,17,662000.0,21700.0,40000.0,90000.0,606,56.59203397833542,68.38128260987769,0,0
Manufacturing,1,10,395000.0,-7800.0,25500.0,202000.0,357,50.02134823735075,84.0476558266221,0,0
Manufacturing,3,25,3159000.0,91200.0,165400.0,984000.0,729,89.39038685106523,66.38932293693509,0,0
Manufacturing,5,34,3612000.0,80300.0,209000.0,1473000.0,196,63.49720654658799,92.6356685840496,0,0
Services,2,13,1357000.0,15300.0,94100.0,143000.0,740,62.06651061090529,71.3983455652244,0,0
Services,7,18,1792000.0,62600.0,90400.0,331000.0,949,86.02608384809983,77.7203214249162,0,0
Services,30,129,16018000.0,481800.0,851100.0,8478000.0,646,89.42492431181441,53.53188523615253,0,0
Retail,4,21,1794000.0,40600.0,104200.0,328000.0,413,67.94358969231905,81.9971892716336,0,0
Manufacturing,3,21,2654000.0,58000.0,173600.0,526000.0,255,60.55069153678417,66.23889279169165,2,1
Retail,4,32,2328000.0,44800.0,130800.0,346000.0,861,69.44671313175064,52.717444241332686,0,0
Retail,1,10,1323000.0,25700.0,94400.0,334000.0,728,51.59690172319809,35.29950180016731,0,0
Services,13,46,4985000.0,169700.0,241400.0,1833000.0,938,59.8554872708835,80.15938251831604,3,1
Manufacturing,4,13,806000.0,21300.0,45200.0,299000.0,306,79.27603912626654,48.278316179317564,1,1
Retail,3,19,1790000.0,28000.0,116900.0,497000.0,68,86.74143895326199,42.53206485699176,0,0
Manufacturing,7,33,3002000.0,106300.0,156200.0,981000.0,159,89.45403369124784,77.20701136232086,0,0
Retail,4,13,643000.0,2600.0,41100.0,71000.0,370,47.16754063932043,46.45006562021114,0,0
Logistics,7,23,2233000.0,73800.0,112400.0,2223000.0,612,77.80284493117597,84.80854298372576,0,0
Retail,1,12,817000.0,33600.0,38700.0,361000.0,491,56.97963231315164,88.03913680138197,0,0
Retail,11,61,2470000.0,71500.0,121400.0,331000.0,36,75.88610390057589,88.9193127633102,0,0
Retail,17,72,9692000.0,108200.0,692100.0,2343000.0,345,54.62914993287873,91.82466171013654,0,0
Retail,7,37,3787000.0,83400.0,231000.0,705000.0,306,86.82570694030741,52.008604005148214,0,0
Logistics,19,60,7625000.0,111800.0,516500.0,3401000.0,250,77.85051569076505,74.40993837941244,0,0
Services,1,8,848000.0,17500.0,46600.0,783000.0,43,92.23035355351894,85.34313721226518,0,0
Services,4,13,942000.0,17200.0,58500.0,472000.0,709,59.9576809605385,54.444283423023,0,0
Logistics,6,30,2665000.0,68900.0,158400.0,448000.0,174,85.66220069995407,84.91956515184368,0,0
Retail,6,41,4344000.0,47200.0,312100.0,1208000.0,924,72.28176391715077,86.66410559582299,0,0
Logistics,4,14,1902000.0,40800.0,126300.0,271000.0,544,57.403013116087735,70.19135041580046,0,0
Retail,3,20,1233000.0,13500.0,81300.0,291000.0,564,54.14767754476616,81.000296885368,0,0
Retail,1,11,1396000.0,40500.0,65800.0,434000.0,115,86.78671626603254,79.33154809357717,0,0
Services,3,16,2112000.0,62700.0,128700.0,162000.0,304,77.06679553325654,49.57521461369922,0,0
Manufacturing,2,14,1476000.0,31100.0,86600.0,1327000.0,391,92.20945144264985,40.611092058282615,0,1
Services,8,51,6772000.0,70600.0,483200.0,2178000.0,187,66.54584840263334,73.61039491790815,0,0
Retail,2,7,537000.0,2400.0,28400.0,249000.0,357,85.96471119450854,86.41049086328756,0,0
Retail,1,14,1891000.0,65500.0,100700.0,352000.0,942,48.79254674015503,63.16293008384811,0,0
Logistics,5,19,2067000.0,51400.0,118100.0,1037000.0,892,50.701172275009895,30.4643765169872,0,0
Services,6,31,1222000.0,35600.0,64200.0,671000.0,593,41.43388987080719,66.93616085690854,0,0
Retail,13,66,8595000.0,290500.0,424500.0,4380000.0,205,81.48272473032512,69.91458889122276,0,0
Retail,6,37,3177000.0,52400.0,220500.0,1395000.0,453,77.28393368706402,79.92275722602245,0,0
Manufacturing,3,13,1083000.0,22500.0,66300.0,494000.0,569,71.69083117209453,64.6855940522325,0,0
Retail,10,22,2079000.0,47500.0,144500.0,700000.0,649,52.85430773907025,96.72397747316785,0,0
Manufacturing,5,24,1216000.0,18900.0,83500.0,389000.0,804,53.76427029236688,52.91598803384209,0,0
Logistics,1,14,1180000.0,43600.0,63200.0,458000.0,357,78.98266394817028,85.41437756460358,0,0
Retail,6,17,2079000.0,53100.0,126600.0,845000.0,722,60.246759609095456,71.35003616228516,2,1
Logistics,15,48,1758000.0,61600.0,84600.0,2105000.0,859,95.9304809092422,94.56534132837355,0,1
Manufacturing,4,15,955000.0,7100.0,67800.0,676000.0,139,44.38371238239411,85.63572647100398,0,1
Manufacturing,3,18,635000.0,19400.0,36200.0,118000.0,622,61.23868418382848,85.64686028527218,1,0
Logistics,1,10,786000.0,25100.0,44500.0,308000.0,904,85.7098450581784,74.47757006203904,0,0
Manufacturing,1,9,1003000.0,24700.0,54300.0,541000.0,683,92.02093764150169,94.117459615103,0,0
Manufacturing,4,24,2853000.0,72200.0,166900.0,395000.0,566,77.84443529074947,74.73680171971604,0,0
Manufacturing,6,23,3088000.0,104300.0,162900.0,658000.0,374,61.83724785101222,43.07442728321304,0,0
Services,1,3,297000.0,24600.0,16700.0,95000.0,517,55.581452855038116,86.67075840485573,0,0
Logistics,17,111,6853000.0,113000.0,464900.0,926000.0,187,86.18304717320603,59.930967305932946,0,0
Retail,9,28,3697000.0,68700.0,254300.0,226000.0,901,91.94040776375854,71.1036845444653,0,0
Retail,6,18,2095000.0,56000.0,113500.0,458000.0,408,45.44415691196867,96.25041104293412,0,0
Retail,11,34,3241000.0,85400.0,190300.0,1564000.0,475,68.49276801730463,54.485814199006285,0,0
Logistics,1,8,864000.0,22300.0,60400.0,62000.0,699,92.92985101172377,43.541174144057045,2,1
Logistics,4,21,2773000.0,92800.0,131100.0,733000.0,134,86.22729780605957,85.93709576997175,0,0
Manufacturing,6,25,2745000.0,32000.0,192900.0,1183000.0,287,80.80248860133294,53.057233236050216,0,0
Manufacturing,11,30,2210000.0,83500.0,114600.0,1164000.0,372,61.94296768398544,90.58250177351299,0,0
Manufacturing,10,59,6482000.0,114400.0,418000.0,3518000.0,400,60.04940533059582,32.21801685517407,0,0
Logistics,2,18,706000.0,4400.0,43700.0,184000.0,927,81.59573042875802,51.2250465048345,0,0
Logistics,17,94,7104000.0,170600.0,433600.0,3731000.0,890,38.036490005408766,77.66330336881539,0,0
Retail,1,12,932000.0,22500.0,64700.0,63000.0,872,74.51112677286055,65.01627899910002,1,1
Manufacturing,13,74,3886000.0,138300.0,189000.0,1644000.0,901,70.67050289862854,45.590609764761695,0,0
Manufacturing,22,136,5090000.0,141900.0,281900.0,4172000.0,948,83.09470553455576,61.60085783354333,0,0
Services,2,13,637000.0,11000.0,38600.0,111000.0,947,58.751761476401,67.547772794159,0,0
Retail,8,31,3216000.0,51100.0,219200.0,977000.0,333,81.64978596165288,79.92297499999783,0,0
Logistics,1,9,1073000.0,46500.0,55600.0,123000.0,275,52.852873237664774,90.62903985231165,1,1
Retail,4,29,4024000.0,63900.0,273300.0,1955000.0,295,48.1620922532234,44.16528797490174,1,1
Retail,5,21,1499000.0,57100.0,85200.0,757000.0,343,85.93863906770856,53.04564907534455,1,1
Manufacturing,6,32,3134000.0,94100.0,159900.0,1138000.0,138,75.44554631370829,76.3958550597429,0,0
Manufacturing,17,71,9471000.0,157300.0,631800.0,1225000.0,490,81.5587303515725,59.81911843782356,0,0
Retail,7,50,2627000.0,88900.0,127000.0,402000.0,292,94.87668617921096,84.97893242651978,0,0
Logistics,4,18,1986000.0,37700.0,119100.0,1084000.0,107,77.96723131510616,51.75268589046256,1,1
Retail,10,35,4000000.0,141700.0,190400.0,1706000.0,561,88.78417125166868,74.1050747194816,0,0
Retail,19,77,3414000.0,97900.0,189900.0,1813000.0,837,80.00697370907109,56.634327791041294,0,0
Manufacturing,1,11,1380000.0,33100.0,86100.0,273000.0,142,82.43282621446123,62.147259164815935,1,1
Services,25,103,12399000.0,292700.0,757900.0,1640000.0,546,78.79616861310026,51.476560695422144,0,0
Logistics,1,8,308000.0,11900.0,17500.0,205000.0,787,77.87282442068619,69.14753274679678,1,1
Retail,11,35,1560000.0,49300.0,89900.0,464000.0,181,95.55883446805655,59.34245775776766,0,0
Services,2,10,402000.0,13100.0,20900.0,55000.0,845,61.84676897019645,60.193707813516994,1,1
Retail,1,5,351000.0,22200.0,20500.0,146000.0,250,91.7855929559805,90.7373582847586,0,0
Retail,4,17,1504000.0,36100.0,108400.0,347000.0,46,57.21473903429954,30.604076092778104,0,0
Logistics,7,21,1909000.0,31200.0,132100.0,273000.0,245,77.70981751160762,75.33935443860275,0,0
Services,3,26,1641000.0,47000.0,81800.0,354000.0,205,52.12789959305761,82.98788943845732,0,0
Logistics,1,7,915000.0,29200.0,42700.0,304000.0,856,77.75384626970782,76.84380439084697,0,0
Manufacturing,6,30,2210000.0,28400.0,158000.0,2015000.0,671,53.76440987666139,72.98740382935422,0,1
Retail,14,76,3023000.0,73300.0,182300.0,880000.0,627,97.11242862868352,78.69924183115178,0,0
Services,3,10,665000.0,20700.0,40300.0,208000.0,605,37.20066440485622,82.08176068294266,0,0
Manufacturing,2,10,908000.0,18200.0,61100.0,108000.0,522,86.79141813919023,83.40613401019073,0,0
Retail,4,23,1791000.0,51700.0,97600.0,909000.0,471,89.7074696785081,88.14842435693431,0,0
Retail,1,8,510000.0,7300.0,30100.0,579000.0,686,39.21792096740435,69.2294508569962,0,1
Retail,11,25,1220000.0,16500.0,88400.0,478000.0,269,54.19459024927741,92.02861101770206,0,0
Retail,11,52,6293000.0,134600.0,404700.0,370000.0,293,81.14068076931018,67.7896686915513,0,0
Services,6,23,3211000.0,115000.0,160700.0,1023000.0,714,29.485389636902166,66.34051806449452,1,1
Manufacturing,3,16,1114000.0,42000.0,55100.0,896000.0,736,38.73959371943626,62.02575738125211,0,0
Manufacturing,10,59,4429000.0,149400.0,227900.0,2424000.0,767,35.603312759773395,52.98516398744197,0,0
Manufacturing,5,24,2397000.0,36400.0,160400.0,1314000.0,70,76.0777190261309,47.15938968530499,0,0
Services,11,67,7399000.0,213300.0,399200.0,7818000.0,663,79.37558825991982,82.39866206715907,0,0
Retail,6,32,2437000.0,84000.0,113100.0,200000.0,120,85.04353299074822,84.88113691514296,0,0
Retail,10,48,6241000.0,71000.0,448100.0,3287000.0,595,79.48701113540979,57.678290653791834,1,1
Services,6,29,2720000.0,85900.0,137400.0,969000.0,716,66.96797577274256,84.58235689286677,0,0
Services,4,23,1893000.0,80100.0,87300.0,853000.0,206,75.73343230476591,48.31741723712087,0,0
Services,20,41,4219000.0,126900.0,220900.0,2361000.0,292,73.36494649472698,84.28959269675582,0,0
Services,5,30,4051000.0,119300.0,211900.0,850000.0,558,93.7727939247951,78.35693911297744,0,0
Retail,6,21,2487000.0,80000.0,142800.0,700000.0,189,80.24633330110306,64.8011897897623,0,0
Logistics,2,10,392000.0,1200.0,27900.0,48000.0,784,59.86986962775636,45.837838969509725,1,1
Retail,6,26,1817000.0,25400.0,127200.0,415000.0,649,93.59716055453066,66.05424638904196,0,0
Services,6,21,1773000.0,47900.0,103500.0,849000.0,99,62.67890488042116,84.22556929905436,0,0
Logistics,2,10,680000.0,8700.0,38900.0,47000.0,742,90.83627530108444,80.63285543410714,0,0
Logistics,1,9,977000.0,31600.0,59700.0,123000.0,230,70.35144305708145,88.4937181266292,1,0
Logistics,6,43,5236000.0,166400.0,275000.0,1301000.0,28,69.31439105728528,63.46994370406293,0,0
Manufacturing,9,20,2236000.0,93100.0,105700.0,1241000.0,51,86.72521265294554,74.08677566909755,0,0
Retail,5,28,3889000.0,39900.0,278700.0,2133000.0,41,82.73614384330924,77.69665509826794,0,0
Services,2,15,954000.0,31700.0,48600.0,130000.0,678,89.21624684847028,48.062621103745215,0,0
Services,7,34,4314000.0,138500.0,221300.0,530000.0,590,75.26734884799069,73.97242336737044,0,0
Manufacturing,1,7,808000.0,21900.0,47500.0,905000.0,84,61.80006662873458,59.455606247646585,0,1
Manufacturing,4,17,1241000.0,18100.0,73700.0,609000.0,168,71.06269092173366,58.20572464637511,0,0
Manufacturing,2,16,1793000.0,67200.0,83100.0,119000.0,452,72.7437874081356,25.238589031232816,0,0
Logistics,2,11,505000.0,5500.0,25200.0,215000.0,779,64.81372429941614,73.24507655572691,0,0
Services,2,16,1886000.0,53900.0,106100.0,712000.0,285,56.32314771687407,95.41976570204818,0,0
Manufacturing,3,12,1091000.0,3400.0,70500.0,473000.0,555,66.60217653477984,70.82447224545521,0,0
Retail,1,11,723000.0,7700.0,37700.0,215000.0,88,52.560638123560025,93.4249808455559,2,1
Services,4,23,2389000.0,68300.0,137300.0,1304000.0,810,65.7753764557058,60.67470674824326,0,0
Logistics,5,17,1740000.0,34200.0,106400.0,125000.0,585,57.048851175077395,78.74643043503815,0,0
Retail,4,10,570000.0,-500.0,40100.0,95000.0,769,60.99621752853199,87.76155655146725,2,1
Retail,3,18,687000.0,29800.0,37600.0,171000.0,855,64.2959759054044,84.47369367223688,0,0
Retail,11,70,5637000.0,193300.0,279100.0,1550000.0,163,87.00897328585945,54.51448103289983,0,0
Retail,1,10,948000.0,29800.0,56200.0,484000.0,520,60.10062060573589,75.41172563314291,0,0
Retail,5,12,1525000.0,24600.0,101200.0,503000.0,24,52.347333771197256,79.94206934952231,1,0
Logistics,1,5,662000.0,44300.0,32300.0,48000.0,658,72.55985358210658,85.25887430417738,0,0
Services,1,12,1086000.0,23200.0,62500.0,609000.0,516,67.95508432879076,45.04725671318817,0,0
Retail,6,43,4908000.0,195600.0,227400.0,1267000.0,76,56.643384861127245,64.9360469326717,0,0
Logistics,6,39,3164000.0,115300.0,147900.0,1686000.0,402,91.13387261265547,56.92365971241784,1,1
Manufacturing,13,66,7480000.0,167900.0,442200.0,2615000.0,909,65.71458447140253,64.86288040558819,0,0
Retail,5,13,735000.0,25400.0,39700.0,270000.0,788,91.02609267202389,75.05791876910834,0,0
Manufacturing,20,65,4808000.0,71100.0,332100.0,1955000.0,744,53.49713157294686,94.81073363548505,0,0
Manufacturing,1,9,914000.0,10800.0,57000.0,877000.0,246,89.52751556720871,57.605035377271044,0,1
Logistics,1,10,369000.0,1900.0,21500.0,136000.0,862,90.23858488828242,80.80092021603868,1,1
Services,1,3,333000.0,8600.0,19000.0,56000.0,598,69.95494936396733,81.03163646133808,0,0
Manufacturing,2,12,1473000.0,37800.0,87700.0,717000.0,542,71.30819844584691,79.44625087064652,1,1
Retail,5,22,1692000.0,41800.0,79400.0,704000.0,564,62.279964312879784,16.044009510800482,1,1
Services,7,17,1395000.0,26500.0,98200.0,587000.0,703,86.63651721544963,73.81149773288382,0,0
Manufacturing,1,9,1119000.0,7300.0,82000.0,614000.0,459,91.15127968744379,40.71104967811757,0,1
Retail,18,78,9083000.0,284700.0,461600.0,9046000.0,335,87.1037818664443,97.26670342786221,1,1
Logistics,12,66,4307000.0,154700.0,211700.0,2001000.0,908,76.43426337875276,84.58566516585869,0,0
Retail,3,22,1518000.0,50700.0,75600.0,798000.0,97,64.98751312204149,89.37209769174228,0,0
Manufacturing,1,10,1063000.0,30300.0,68000.0,133000.0,448,76.49855145301312,74.93953941248573,1,1
Retail,2,11,1035000.0,23500.0,66300.0,309000.0,31,31.84511257231721,50.231735113196706,0,0
Logistics,1,8,416000.0,5900.0,28800.0,312000.0,383,40.87313839978851,46.45268569274742,0,0
Retail,1,5,338000.0,4400.0,22500.0,73000.0,682,84.79452865173864,47.42223344724833,0,0
Manufacturing,5,23,2978000.0,78700.0,173300.0,1399000.0,698,66.44589746924139,93.6631297959237,0,0
Logistics,2,13,1394000.0,25500.0,87400.0,601000.0,922,51.74405446665161,62.972794500492334,0,0
Manufacturing,3,8,1108000.0,13700.0,71800.0,455000.0,596,83.91985576312202,62.9040361767212,0,0
Logistics,28,146,16868000.0,399500.0,1011000.0,9253000.0,597,55.07168934116338,60.06417430707178,2,1
Manufacturing,7,22,2946000.0,70700.0,173600.0,1168000.0,269,41.50461065395758,55.70267970932387,0,0
Services,18,75,4327000.0,85800.0,275100.0,1808000.0,470,68.57133048045328,78.14122686552778,0,0
Retail,1,13,1508000.0,42200.0,92200.0,491000.0,657,75.35707921662093,89.67133442952833,0,0
Retail,3,26,965000.0,18200.0,61300.0,199000.0,575,79.89973647583983,65.93661465745404,0,0
Manufacturing,5,19,2003000.0,41400.0,125600.0,261000.0,547,75.51244750211796,71.62386916682388,0,0
Retail,1,5,421000.0,2700.0,27600.0,210000.0,406,73.72349190408906,39.945948875036855,0,0
Services,1,5,357000.0,10500.0,22700.0,124000.0,334,62.760354974372746,73.32794368367692,0,0
Services,7,30,3767000.0,90200.0,226500.0,1742000.0,234,78.00457468171783,78.77747713100368,2,1
Retail,7,41,5113000.0,103100.0,330200.0,3641000.0,713,65.08879779128151,93.87651639615856,0,0
Retail,4,22,822000.0,16100.0,47800.0,132000.0,428,71.3013282844212,80.23944120696687,0,0
Logistics,5,39,3861000.0,115500.0,202600.0,845000.0,46,71.16514656086001,91.2275106403047,0,0
Services,4,13,957000.0,42200.0,43900.0,230000.0,729,62.87013592890893,80.68046048547204,1,0
Retail,1,12,944000.0,22900.0,57800.0,506000.0,802,65.26379789726346,90.87278816933436,0,0
Retail,3,23,2814000.0,52600.0,174700.0,149000.0,768,60.53212146414101,87.47739159074436,0,0
Retail,2,18,1216000.0,23600.0,88200.0,660000.0,30,76.88547315467727,73.2215443196122,0,0
Logistics,1,10,1340000.0,23400.0,74700.0,724000.0,423,67.56861405185467,78.33302532102951,0,0
Manufacturing,19,119,6410000.0,177100.0,363300.0,3513000.0,842,63.492381158288346,69.39787339873372,0,0
Retail,6,32,3347000.0,96800.0,172000.0,965000.0,187,66.33254549192785,45.04631578316934,0,0
Retail,8,42,4434000.0,172800.0,211800.0,2358000.0,663,53.16956254934997,77.48352365286495,0,0
Logistics,3,17,1045000.0,4600.0,70100.0,259000.0,193,75.11505783009775,45.57855128822374,0,0
Manufacturing,3,21,1451000.0,53600.0,76500.0,202000.0,885,67.2440965954137,68.04267824293385,0,0
Retail,2,15,1840000.0,37600.0,115100.0,298000.0,587,81.23045203175407,67.53833103643224,0,0
Retail,1,11,1265000.0,20600.0,81900.0,661000.0,511,52.53026493984654,86.63856287064519,0,0
Retail,2,11,765000.0,20200.0,45000.0,44000.0,118,72.03044180161939,54.38659391949231,0,0
Manufacturing,10,41,3734000.0,55100.0,261100.0,2662000.0,331,44.56219933937645,65.22990873360695,0,0
Retail,7,47,1949000.0,42100.0,113100.0,378000.0,721,42.654922615286466,61.47940535280733,0,0
Retail,5,24,1366000.0,34000.0,73300.0,264000.0,782,96.66406794965098,78.48365861632305,0,0
Retail,4,12,1032000.0,18500.0,72700.0,97000.0,602,86.74055728611837,60.695286384068915,0,0
Retail,16,65,2862000.0,25800.0,199000.0,1373000.0,797,62.30433471803668,51.250363654908945,0,0
Logistics,1,12,1483000.0,44200.0,74700.0,512000.0,195,55.59130133491964,91.03316066208723,0,0
Services,2,17,1877000.0,93300.0,87400.0,940000.0,146,54.76734439764913,77.52091630847654,0,0
Retail,3,14,1877000.0,58000.0,90700.0,740000.0,677,42.41999860978229,74.0319745807178,0,0
Services,10,31,3342000.0,108200.0,179500.0,1790000.0,169,76.13071395989746,57.56641474527376,0,0
Retail,30,123,16450000.0,172300.0,1193800.0,5016000.0,373,47.760826215961515,75.46296273266768,0,0
Manufacturing,2,19,1771000.0,43300.0,108400.0,654000.0,249,76.98316121639306,69.37650015862651,0,0
Manufacturing,13,40,3921000.0,112000.0,220000.0,1326000.0,774,61.36258801143325,54.37274315337647,0,0
Retail,11,26,3577000.0,55700.0,251400.0,1045000.0,179,67.66089070805032,76.78056306491459,0,0
Logistics,2,12,1229000.0,29200.0,71600.0,581000.0,731,57.98161090362767,84.688490583566,0,0
Logistics,4,32,1223000.0,51100.0,66700.0,455000.0,441,25.37271099420339,95.81479421449382,0,0
Logistics,4,32,3552000.0,36600.0,254700.0,1601000.0,691,71.34396257287338,89.18761310563245,2,1
Retail,23,123,15999000.0,228000.0,1107100.0,7090000.0,502,67.49747532344405,50.76817770013224,0,0
Retail,2,8,948000.0,15600.0,65400.0,138000.0,227,89.16872723591915,39.56951798323341,0,0
Manufacturing,10,28,2696000.0,54200.0,161500.0,1011000.0,939,52.72705778496992,78.47318673479077,1,1
Retail,3,15,1582000.0,22600.0,106900.0,523000.0,780,60.695469998029964,95.39355864701918,0,0
Retail,8,23,3196000.0,105400.0,162200.0,1092000.0,171,36.26461725011651,75.8647308194318,3,1
Manufacturing,4,18,801000.0,14000.0,49300.0,687000.0,703,80.8557095525534,69.51381923233753,0,0
Manufacturing,6,27,2837000.0,49100.0,206800.0,1556000.0,89,36.87197379679978,65.26981678717657,0,0
Retail,11,41,2655000.0,71600.0,142900.0,173000.0,449,47.18094888087704,39.65334660051317,0,0
Logistics,10,55,5622000.0,97400.0,380500.0,538000.0,192,47.678396611639435,85.59179845030232,0,0
Services,13,55,5434000.0,137300.0,322400.0,481000.0,810,85.87464714164841,87.35824989898346,0,0
Services,1,9,460000.0,16600.0,21600.0,115000.0,856,81.01291796793882,50.6802801891019,0,0
Retail,8,18,1021000.0,10000.0,68200.0,1038000.0,659,79.52907660020058,56.82104934752873,0,1
Retail,1,9,902000.0,23500.0,45500.0,426000.0,651,89.9698725324086,77.21770970951049,0,0
Retail,4,33,1599000.0,28000.0,101100.0,669000.0,326,72.12672313077161,94.60711359660904,0,0
Logistics,5,29,1822000.0,49700.0,87800.0,2004000.0,846,62.481352126939605,77.41977659591525,1,1
Manufacturing,4,12,1472000.0,8800.0,105800.0,687000.0,141,87.80654991016685,44.94314065463523,0,0
Retail,5,28,1942000.0,45400.0,104600.0,183000.0,391,46.63068460904981,84.14922115808552,0,0
Services,30,125,10781000.0,347900.0,561300.0,853000.0,359,73.26234404164309,46.05500082563885,0,0
Retail,1,6,803000.0,32200.0,39700.0,382000.0,239,55.933578237167694,61.152877847178885,0,0
Retail,7,23,1354000.0,21800.0,97300.0,562000.0,31,87.1220709383994,84.72406093844457,0,0
Retail,4,19,1442000.0,30600.0,94300.0,1271000.0,511,97.29561398315754,41.43474006008253,1,1
Manufacturing,1,4,395000.0,8100.0,26200.0,87000.0,487,86.61472650520633,80.94596444395926,1,0
Retail,2,17,1943000.0,57900.0,115700.0,466000.0,879,64.26468225752171,60.30316160867585,0,0
Retail,18,96,12449000.0,299400.0,733100.0,6586000.0,325,86.45443198941012,69.34237164945586,0,0
Manufacturing,13,79,10359000.0,358000.0,506100.0,848000.0,772,92.5327665756744,70.08541439537271,0,0
Manufacturing,15,51,5944000.0,137400.0,363900.0,2597000.0,151,72.2656675669284,61.81234749759267,0,0
Services,29,177,10439000.0,310000.0,549300.0,2138000.0,489,57.37732171328728,47.416035673913726,0,0
Retail,2,8,301000.0,28000.0,21900.0,46000.0,231,64.5178370156119,76.77052011029886,1,0
Retail,3,24,1807000.0,28400.0,122400.0,761000.0,210,92.73809173256286,75.64272498872734,0,0
Retail,7,22,1097000.0,29900.0,62700.0,236000.0,215,25.980151479646775,85.01969877855703,1,1
Services,4,21,2301000.0,86800.0,115000.0,946000.0,380,53.246882029356094,57.053349559065815,0,0
Retail,4,30,3133000.0,57100.0,211300.0,1265000.0,733,71.61793122572968,92.19207839751353,0,0
Retail,3,22,872000.0,30100.0,42900.0,611000.0,542,84.31535130921641,88.14217573246643,0,0
Services,6,35,4299000.0,139900.0,219400.0,4162000.0,414,60.69659822879105,38.024014521871955,0,1
Services,6,39,2384000.0,63500.0,123100.0,812000.0,539,89.11483000484583,61.965643475083866,0,0
Manufacturing,2,16,1286000.0,24100.0,78600.0,249000.0,604,61.30633654203782,67.86284233577003,0,0
Services,4,30,3154000.0,54200.0,212800.0,1315000.0,228,85.4629400493535,54.23199794279058,0,0
Retail,5,35,2803000.0,84400.0,152700.0,966000.0,355,86.55578936873054,75.14657923177226,0,0
Retail,6,13,1057000.0,47000.0,50900.0,60000.0,343,83.17923367948057,75.53268529895753,0,0
Manufacturing,2,11,461000.0,10500.0,27000.0,510000.0,133,77.66018791389045,57.89154314096846,0,1
Manufacturing,9,50,3858000.0,54200.0,256200.0,1245000.0,439,95.47287273839629,67.99379945638863,0,0
Logistics,1,11,1268000.0,48300.0,65800.0,614000.0,707,74.5920334539987,97.86321253276058,1,1
Retail,3,16,2097000.0,77400.0,108800.0,1030000.0,850,93.03921272869484,51.85114078826365,0,0
Retail,10,25,1960000.0,29600.0,140900.0,534000.0,856,91.4664154371668,80.11225126565394,0,0
Logistics,5,37,2941000.0,31800.0,212000.0,894000.0,881,93.4044590738847,79.6672136296053,0,0
Logistics,2,16,1740000.0,26300.0,127100.0,449000.0,387,74.17196172685445,79.28981745873577,0,0
Manufacturing,8,54,7236000.0,138000.0,492400.0,1988000.0,663,63.808935272405996,24.188557097977537,0,0
Retail,6,37,2333000.0,76300.0,119000.0,1161000.0,193,75.30170204789616,90.91981873391866,0,0
Manufacturing,10,46,3736000.0,107800.0,193000.0,1659000.0,446,66.18554349588902,66.83251032069634,0,0
Logistics,8,21,2490000.0,65400.0,137400.0,282000.0,734,67.77309678675249,96.1833389250267,0,0
Logistics,6,29,2872000.0,87500.0,156800.0,1020000.0,416,40.52845528728129,95.02626466198926,0,0
Services,5,19,886000.0,-2900.0,63900.0,1071000.0,408,61.164538834617545,64.83556196182973,0,1
Manufacturing,1,11,1110000.0,18900.0,75000.0,386000.0,897,64.94882905882571,83.68267262332223,0,0
Manufacturing,2,14,765000.0,16500.0,50300.0,339000.0,580,75.85162089270378,42.57769590208309,0,0
Retail,4,16,1417000.0,58200.0,72200.0,616000.0,93,81.62699094120123,82.6590375293531,0,0
Retail,6,23,2083000.0,36500.0,147600.0,469000.0,797,70.1195889324874,72.87017925125264,0,0
Manufacturing,5,13,1651000.0,31200.0,113300.0,390000.0,921,43.986144860854175,76.36951403105435,0,0
Services,3,20,1671000.0,37800.0,84100.0,689000.0,438,82.5516415451118,86.96643651830715,0,0
Manufacturing,1,13,836000.0,18700.0,58300.0,251000.0,132,75.23834133383413,46.543563532355506,0,0
Retail,5,15,889000.0,32300.0,47400.0,658000.0,382,81.59801983531216,72.75365963467947,1,1
Logistics,3,21,2663000.0,96000.0,128000.0,1082000.0,120,68.03512607831838,81.01935015099268,0,0
Retail,8,29,1536000.0,16100.0,98100.0,674000.0,119,70.40582626217207,68.45342275935617,0,0
Logistics,1,9,717000.0,7700.0,45800.0,294000.0,317,73.10051735084606,60.714478778835726,0,0
Manufacturing,6,29,1585000.0,45900.0,76800.0,196000.0,644,90.45177800415925,52.534949148465984,0,0
Retail,18,37,4299000.0,107400.0,234700.0,842000.0,908,86.1020787490524,76.70810133033288,0,0
Manufacturing,2,14,1187000.0,12100.0,86800.0,361000.0,755,77.9272966328988,42.66658948140669,0,0
Manufacturing,4,20,1437000.0,20700.0,92700.0,318000.0,162,52.30760141639652,88.22742839736867,0,0
Services,1,6,437000.0,28600.0,28800.0,146000.0,880,46.743072846172055,92.18962975306457,0,0
Manufacturing,6,32,3983000.0,124700.0,205900.0,306000.0,164,65.66326697492931,40.1518137312618,0,0
Retail,5,27,2515000.0,99200.0,120700.0,1692000.0,830,96.64130209436334,65.28040708003306,0,0
Retail,4,24,2649000.0,66600.0,141600.0,620000.0,270,77.68914472449097,72.39636758494812,0,0
Retail,5,27,3488000.0,102700.0,183700.0,1107000.0,96,66.75255173350918,61.99593628123383,0,0
Services,14,85,11023000.0,343100.0,576300.0,2880000.0,30,93.25309759458466,74.82121821680546,2,1
Manufacturing,2,11,764000.0,17300.0,39100.0,147000.0,915,63.31676790495566,69.27046836753958,0,0
Logistics,1,10,1350000.0,25900.0,83200.0,678000.0,207,76.2602156224023,94.9918921101466,1,1
Services,12,30,1128000.0,30400.0,61900.0,161000.0,737,62.78272888755551,46.6379370548091,0,0
Retail,6,43,3206000.0,46000.0,219300.0,1253000.0,88,66.43704865396175,71.23523046785077,0,0
Services,14,30,3872000.0,140400.0,197100.0,1984000.0,291,59.33807313337147,75.02052557102888,0,0
Manufacturing,6,36,2298000.0,59800.0,134700.0,734000.0,75,79.8709602752794,97.99595827195618,0,0
Retail,10,48,3056000.0,117300.0,141200.0,1492000.0,550,50.19662834835318,78.32823457611747,2,1
Retail,4,16,1068000.0,30200.0,63100.0,120000.0,549,55.12947407746118,34.82484456864744,0,0
Logistics,9,22,2184000.0,83400.0,103500.0,648000.0,357,72.2363237948208,67.1717110958902,0,0
Services,15,51,4132000.0,43200.0,300500.0,1151000.0,409,88.65832370813827,60.39812938193959,0,0
Retail,6,23,2560000.0,37800.0,173000.0,138000.0,272,93.48304626236774,89.81196547022896,0,0
Logistics,2,15,1934000.0,47800.0,114700.0,1159000.0,212,71.59555814909588,67.84584097673718,0,0
Manufacturing,2,16,1693000.0,68700.0,81600.0,397000.0,67,93.97492746895323,87.16604252875503,0,0
Retail,2,12,678000.0,23400.0,42100.0,261000.0,665,81.0881285865944,78.06034447098342,0,0
Retail,2,17,2260000.0,35700.0,150700.0,2589000.0,285,83.1112727460059,82.89351783941831,1,1
Services,3,22,1381000.0,50700.0,70500.0,283000.0,215,80.51805884026467,65.34222748194382,0,0
Retail,5,21,1066000.0,21800.0,65500.0,228000.0,410,62.36664747555809,74.49591953785516,0,0
Retail,6,25,1111000.0,17100.0,75800.0,302000.0,392,77.85584939377571,87.80728819821397,0,0
Manufacturing,4,16,1506000.0,20900.0,100800.0,418000.0,905,69.3015408186477,69.82359399457785,0,0
Manufacturing,6,17,798000.0,10800.0,54200.0,349000.0,690,70.03208486060272,84.52136135074517,0,0
Manufacturing,1,10,496000.0,17400.0,34700.0,135000.0,618,51.73947567955025,64.93456251279551,0,0
Retail,1,13,865000.0,10800.0,62000.0,55000.0,549,93.89037442057575,71.88090665606738,2,1
Services,2,7,452000.0,12900.0,25800.0,183000.0,937,74.19172904007316,42.29119850058593,0,0
Retail,5,22,2166000.0,35700.0,133200.0,1067000.0,102,70.77027848364217,41.42496175847444,0,0
Retail,2,12,1449000.0,20400.0,97900.0,445000.0,412,75.64718431253405,31.11043078966308,0,1
Manufacturing,2,10,1149000.0,19100.0,74700.0,391000.0,196,75.24461836979408,66.16198648955583,0,0
Services,4,30,1877000.0,12400.0,137400.0,247000.0,881,69.5926220802828,63.82336836846214,0,0
Logistics,11,41,2491000.0,92700.0,115100.0,399000.0,297,64.05240394238119,46.65759901402789,0,0
Manufacturing,1,12,1637000.0,42000.0,91000.0,274000.0,547,76.71806357742099,93.3735784596931,0,0
Logistics,7,49,1757000.0,53000.0,94100.0,466000.0,575,83.22947393620548,45.921601438987416,0,0
Retail,7,34,4331000.0,132200.0,229700.0,4914000.0,204,31.444831526782675,64.24099499144434,1,1
Manufacturing,10,36,2015000.0,55600.0,104700.0,626000.0,219,54.944522725818565,82.85042397855891,0,0
Retail,17,40,5379000.0,93700.0,351400.0,786000.0,58,79.13253199976388,78.97175249525857,0,0
Retail,1,13,922000.0,33100.0,44400.0,169000.0,314,65.74385878897392,57.24800149583154,1,1
Manufacturing,2,11,894000.0,24800.0,59200.0,477000.0,654,61.67316776922139,31.39565347985191,0,0
Services,14,47,5135000.0,96700.0,333300.0,4098000.0,715,32.701318310319586,93.45498029599156,1,1
Services,4,23,2224000.0,62700.0,117300.0,601000.0,696,68.2658656445807,69.32234052297598,0,0
Logistics,5,28,1915000.0,61700.0,101100.0,472000.0,293,91.31372212443677,40.501289986645006,0,0
Retail,7,41,3819000.0,90800.0,241100.0,1269000.0,727,69.75344733333068,91.60170263109816,0,0
Retail,7,23,2570000.0,49800.0,171700.0,969000.0,399,51.79702782789551,93.5437525834589,0,0
Logistics,17,58,2288000.0,35000.0,160000.0,205000.0,651,67.45097354353766,89.84605980344855,0,0
Retail,30,127,4594000.0,70400.0,318200.0,286000.0,818,79.38108875359394,59.807290397056576,0,0
Manufacturing,8,45,3739000.0,52500.0,270600.0,657000.0,325,69.43702253449622,88.77472311259167,0,0
Retail,3,23,1123000.0,32800.0,69400.0,108000.0,892,36.43681180291961,95.90098561315263,0,0
Services,13,31,3247000.0,45100.0,230000.0,708000.0,542,69.05740609492425,78.92080343668539,3,1
Retail,1,7,402000.0,14600.0,27400.0,387000.0,871,89.31322598907221,73.88863315419778,0,0
Manufacturing,2,15,1207000.0,6900.0,85000.0,493000.0,288,88.82767123388854,86.63289755652819,0,0
Logistics,14,32,1784000.0,54300.0,82300.0,1399000.0,496,77.20897663466357,95.15714895734975,0,0
Manufacturing,2,8,741000.0,9400.0,53600.0,353000.0,820,60.216552906847895,70.67312555361796,0,0
Retail,2,8,377000.0,9800.0,22200.0,72000.0,465,58.40912226084583,85.02342205950383,1,1
Manufacturing,1,15,561000.0,4400.0,38000.0,610000.0,546,83.24195871668374,86.21547057661758,0,1
Retail,12,26,1050000.0,42300.0,51800.0,262000.0,545,54.321478791794384,85.10655806151229,0,0
Logistics,5,19,2569000.0,53500.0,145700.0,643000.0,539,64.30457304455723,28.955701213369856,0,0
Retail,7,37,1848000.0,51200.0,98500.0,467000.0,31,63.31455653003728,92.93639715492532,3,1
Manufacturing,2,11,1203000.0,31600.0,64800.0,119000.0,732,78.00383932593185,77.94876386894546,0,0
Services,9,39,1643000.0,42900.0,80900.0,884000.0,44,96.28778646170704,60.80029427653315,0,0
Services,9,38,1762000.0,39000.0,119800.0,210000.0,484,43.45571033681207,65.80755984700542,0,0
Services,3,21,1857000.0,58300.0,85600.0,409000.0,825,58.212897709894186,79.14584379056818,0,0
Manufacturing,4,21,1760000.0,46200.0,95800.0,369000.0,318,47.01171766250957,70.06638252818757,0,0
Retail,2,17,2294000.0,82300.0,116100.0,200000.0,569,88.36724224263546,58.92155530566583,0,0
Services,23,116,15568000.0,336800.0,965700.0,1964000.0,107,50.98573811207721,68.7457101792456,0,0
Logistics,7,41,4791000.0,137300.0,253100.0,347000.0,896,64.75150369654904,76.02414935665311,0,0
Manufacturing,17,58,5697000.0,178500.0,301700.0,1118000.0,592,75.21459093192479,36.26388434085375,0,0
Manufacturing,3,7,579000.0,16300.0,34300.0,280000.0,645,64.91816549077637,70.88209029536814,0,0
Retail,10,39,2824000.0,73900.0,180100.0,620000.0,835,60.91890162215607,81.034196745774,0,0
Services,9,35,4706000.0,164000.0,231400.0,526000.0,598,88.4561534145797,47.54545515879204,0,0
Retail,8,32,3146000.0,101600.0,159400.0,1173000.0,860,80.72363620457948,78.14878361671951,0,0
Retail,21,70,6706000.0,199100.0,352900.0,3677000.0,176,60.348961737958504,76.18351742724116,0,0
Manufacturing,4,25,1484000.0,9900.0,107800.0,247000.0,856,90.1583075205253,45.80778962440839,0,0
Logistics,1,5,200000.0,-1300.0,11400.0,38000.0,342,63.61714838562702,85.59683733286059,0,0
Services,7,30,4027000.0,95700.0,250900.0,2158000.0,795,32.98316620205123,54.04769161911322,0,1
Retail,8,47,3193000.0,98600.0,167600.0,445000.0,744,86.85816204925003,66.09300128953336,0,0
Logistics,6,26,2118000.0,55400.0,125600.0,647000.0,268,79.40117280408549,68.92211945585173,0,0
Services,2,14,659000.0,35500.0,31500.0,112000.0,454,81.28545387110474,82.66273986388376,0,0
Manufacturing,5,20,2458000.0,71000.0,115000.0,1269000.0,585,94.52018323823788,76.4400626004069,0,0
Retail,3,17,644000.0,26100.0,37800.0,348000.0,558,61.06444193277992,87.05905045510742,0,0
Retail,4,27,3309000.0,88300.0,187900.0,1513000.0,865,66.00223734488515,65.53897947128621,2,1
Logistics,7,35,1741000.0,62300.0,86300.0,361000.0,134,96.39336121180565,60.667652856387946,0,0
Retail,9,20,2562000.0,41000.0,165900.0,645000.0,836,78.04409862240077,80.19169151843425,0,0
Retail,2,9,1005000.0,4200.0,73500.0,172000.0,528,68.51406365767663,13.689582234453113,0,0
Logistics,4,10,523000.0,17800.0,29700.0,259000.0,644,86.50576483357668,72.80317875783594,0,0
Retail,2,13,1227000.0,44000.0,77300.0,622000.0,563,66.45573457914834,68.29650140704693,0,0
Services,2,13,882000.0,17700.0,63800.0,229000.0,111,63.843701986455535,70.92439650063189,1,1
Retail,10,61,3277000.0,58100.0,225100.0,1240000.0,885,72.11350980583727,86.1003978846845,0,0
Manufacturing,15,84,10518000.0,258800.0,616200.0,1397000.0,384,76.8781193779429,86.76076931476467,0,0
Logistics,3,19,1470000.0,20500.0,97200.0,393000.0,431,61.82050448655107,51.7304731483113,2,1
Logistics,9,55,4227000.0,137400.0,208600.0,1546000.0,271,65.27152480631591,92.63152703737944,0,0
Retail,14,78,4121000.0,92600.0,246900.0,1000000.0,142,73.7330232756385,83.52595884029677,0,0
Services,12,66,4965000.0,131600.0,265700.0,1136000.0,373,65.61668502115998,65.88391978057089,0,0
Services,2,16,2024000.0,61200.0,101700.0,102000.0,170,73.31180689236689,51.80846025577133,0,0
Retail,19,66,4826000.0,119900.0,277800.0,2182000.0,671,94.03807178639794,92.08554810536522,0,0
Services,3,10,1349000.0,44300.0,66700.0,667000.0,71,67.05346790262682,87.43189418834284,0,0
Manufacturing,3,14,1881000.0,35400.0,122400.0,1006000.0,596,85.59247212872609,85.9812655439224,0,0
Manufacturing,1,9,452000.0,14200.0,26400.0,185000.0,570,56.53967140142875,90.87717120921089,0,0
Manufacturing,4,26,1394000.0,31700.0,84300.0,452000.0,738,84.818816120827,82.03969198550476,0,0
Services,1,12,1507000.0,45800.0,75100.0,278000.0,701,71.52122971635987,87.91412714078093,0,0
Logistics,2,17,1296000.0,27900.0,64400.0,712000.0,667,71.8623680645009,41.34365238519425,0,1
Manufacturing,3,22,780000.0,12100.0,48300.0,269000.0,90,69.38494731992648,88.73262898632956,1,1
Retail,10,69,4399000.0,38000.0,320800.0,1718000.0,172,85.49971331130611,66.7807693738416,0,0
Retail,13,48,4692000.0,167200.0,227500.0,1836000.0,99,58.5106575468292,47.57282224279832,0,0
Manufacturing,3,17,2022000.0,67200.0,108600.0,956000.0,336,97.85896616215526,66.82017539346134,1,1
Services,12,25,1225000.0,24200.0,85400.0,67000.0,323,36.44083761641232,74.46026185604549,0,0
Services,12,31,1445000.0,57400.0,69100.0,231000.0,544,61.32519446721874,83.3339658576571,0,0
Retail,9,41,5405000.0,71400.0,377900.0,2069000.0,298,76.22403084063423,86.16116463459763,0,0
Services,1,11,1253000.0,24700.0,75500.0,1376000.0,914,42.99904011356707,69.36768564718065,0,1
Retail,8,41,3974000.0,98400.0,226800.0,3444000.0,56,85.21337811710744,66.7482951727391,0,0
Services,18,74,8567000.0,236300.0,465600.0,4854000.0,908,63.304501002066225,54.036886920975824,1,1
Logistics,7,46,3681000.0,115900.0,198800.0,849000.0,899,94.4207274152917,85.53717977883676,0,0
Retail,3,22,2522000.0,72000.0,136800.0,1057000.0,148,58.87208645409392,73.47660680681274,0,0
Manufacturing,5,12,888000.0,1700.0,62300.0,374000.0,628,67.82601840712445,48.26218667084151,0,0
Services,7,24,1455000.0,19000.0,95600.0,514000.0,663,87.32492758809262,59.46097872173187,0,0
Retail,5,23,2566000.0,42000.0,164900.0,502000.0,418,58.09976082183591,25.492776873780485,0,0
Manufacturing,1,14,1107000.0,17500.0,75100.0,567000.0,507,57.99027676705204,58.19964278518701,0,1
Manufacturing,3,24,3313000.0,109300.0,175300.0,1080000.0,236,54.39960976360656,42.35798947308872,0,0
Retail,10,42,3011000.0,58900.0,189200.0,2959000.0,243,75.82276311896696,62.91690824751072,0,0
Retail,12,50,6589000.0,145700.0,385400.0,1035000.0,820,85.24846487245861,96.64687438476719,0,0
Logistics,1,12,1596000.0,24000.0,107500.0,354000.0,466,91.2490518345488,81.23546313804455,0,0
Services,19,65,3926000.0,112600.0,213300.0,1913000.0,320,91.94946709495801,86.60492011921733,0,0
Manufacturing,3,20,2376000.0,45300.0,150900.0,178000.0,842,42.50481553989166,73.72498440334019,0,0
Logistics,7,27,2173000.0,23800.0,152300.0,665000.0,923,41.47863215485146,81.74905517053492,0,0
Manufacturing,9,53,6961000.0,185800.0,396000.0,2025000.0,133,39.909932476844716,64.09779419220503,0,0
Services,11,34,2797000.0,100300.0,133300.0,1190000.0,625,82.44686265127254,79.76465053020328,0,0
Services,18,63,7129000.0,166000.0,427900.0,3004000.0,876,69.11979342826564,67.34112295435303,0,0
Retail,3,10,840000.0,26800.0,46500.0,134000.0,338,59.05328898481726,40.658819161648616,0,0
Logistics,12,51,3005000.0,53700.0,193300.0,1542000.0,935,87.92084370548122,49.555464316616124,0,0
Retail,1,11,615000.0,3100.0,44300.0,456000.0,173,71.10895855373384,66.74974018182395,0,1
Retail,8,53,4223000.0,113100.0,249900.0,432000.0,253,81.18079690792128,77.8960430661551,0,0
Services,9,36,4116000.0,106100.0,241400.0,603000.0,410,93.28457661881671,67.40299358791366,0,0
Retail,7,30,2956000.0,64200.0,188700.0,3584000.0,334,71.33339810240567,59.89004414275064,0,1
Retail,2,12,1288000.0,54400.0,62700.0,190000.0,861,70.72548345054234,73.28371022525508,0,0
Retail,13,27,1745000.0,57500.0,92100.0,620000.0,203,56.53781743912699,73.50543846195346,3,1
Services,2,17,1454000.0,25200.0,103400.0,834000.0,323,56.91202098196406,77.10474373681738,0,0
Retail,1,10,397000.0,-5100.0,25500.0,196000.0,263,94.01708314975593,67.25255037932834,0,0
Manufacturing,8,25,3021000.0,113800.0,139600.0,1292000.0,552,62.75251525986033,85.8497021200693,0,0
Logistics,4,19,2640000.0,82600.0,135900.0,920000.0,715,94.35508586773474,85.91602480013249,0,0
Services,12,28,2176000.0,54200.0,140600.0,120000.0,520,56.36943882266958,86.46591471982782,0,0
Manufacturing,3,13,470000.0,15200.0,31400.0,230000.0,408,48.61949667403291,82.16498781219924,0,0
Manufacturing,2,6,317000.0,-500.0,21900.0,86000.0,666,36.40867165819955,42.99513569594619,0,1
Manufacturing,11,61,6314000.0,189000.0,340100.0,7187000.0,420,92.23148468891681,83.58588553625712,0,0
Retail,5,36,3574000.0,43900.0,255300.0,1064000.0,195,90.27175604184382,82.91401572814443,0,0
Retail,2,10,1177000.0,29900.0,71800.0,1031000.0,35,39.61272796861029,70.64595294872224,0,1
Logistics,8,44,2713000.0,41600.0,176300.0,507000.0,689,59.82515960051097,74.89309263653278,0,0
Logistics,5,33,3801000.0,83000.0,236600.0,3545000.0,597,95.38021427563915,86.86699335980869,0,0
Retail,6,44,4718000.0,159100.0,232200.0,1033000.0,608,83.66303204571167,76.2215068594411,0,0
Retail,4,28,1929000.0,23500.0,139500.0,435000.0,169,79.97549547676614,66.35281804483388,1,1
Services,11,30,2768000.0,88700.0,136200.0,303000.0,842,57.14316244348798,90.73206294035123,0,0
Retail,11,23,1161000.0,30700.0,61400.0,143000.0,881,66.50015291415056,94.46308158331031,0,0
Services,8,26,2146000.0,41800.0,146400.0,307000.0,573,45.82513465614239,63.66259880932792,1,1
Retail,1,9,1148000.0,15200.0,72100.0,246000.0,208,81.59082995011968,64.05926788623756,0,0
Manufacturing,11,42,3327000.0,40200.0,229200.0,1650000.0,238,80.74083834731141,77.17275306296368,0,0
Logistics,7,31,3818000.0,88700.0,229100.0,1973000.0,413,82.69909511441263,54.078386481308435,2,1
Retail,8,22,2133000.0,51700.0,119900.0,1940000.0,763,84.22982093742661,67.90724683916753,0,0
Logistics,3,19,1048000.0,5700.0,74600.0,96000.0,294,81.92583691358222,72.48850841245215,0,0
Manufacturing,13,86,8257000.0,302200.0,386700.0,2853000.0,24,92.3627974792059,92.38086093216053,0,0
Manufacturing,8,23,2027000.0,16300.0,140600.0,590000.0,390,93.56266575938554,57.64969557956935,0,0
Services,1,7,538000.0,8700.0,28100.0,290000.0,486,75.83490866697159,74.61425379776078,3,1
Manufacturing,4,30,1427000.0,36600.0,98700.0,1490000.0,166,68.36890159292255,71.52583521276694,0,0
Services,14,61,4804000.0,165400.0,238600.0,1333000.0,870,71.72994374170226,50.98696008519787,0,0
Retail,1,10,426000.0,3200.0,26300.0,186000.0,630,81.7620040993917,59.06294879075046,0,1
Retail,20,121,5490000.0,75100.0,385700.0,804000.0,138,65.42596782415053,86.41982107663483,0,0
Logistics,7,21,1652000.0,45000.0,97200.0,1207000.0,711,75.06175459040614,90.36037224361311,0,0
Retail,6,26,1744000.0,37600.0,115700.0,152000.0,816,67.4097955028927,49.83449676703876,3,1
Retail,2,14,1851000.0,27400.0,125800.0,415000.0,567,60.913591468830866,56.66196223020875,1,1
Manufacturing,2,19,1415000.0,32200.0,93500.0,231000.0,438,73.74045878837609,88.5035681407429,0,0
Manufacturing,18,42,4812000.0,41700.0,343000.0,1970000.0,537,73.60735847015127,71.67340846009971,0,0
Retail,3,14,1269000.0,23500.0,73800.0,374000.0,744,61.85800812138825,63.070096709351844,0,0
Logistics,9,49,5338000.0,176000.0,270100.0,2272000.0,527,80.30984699127256,42.37018142731694,0,0
Services,3,17,1059000.0,41000.0,49900.0,326000.0,940,68.18269194773534,56.832191507659445,0,0
Services,1,9,1205000.0,29700.0,63400.0,112000.0,185,72.61634609206651,53.87247883693927,0,0
Logistics,1,9,816000.0,29500.0,40600.0,752000.0,864,92.44916429900242,91.00071742010554,0,0
Logistics,5,12,1467000.0,27600.0,89700.0,685000.0,808,66.15032081488422,75.9820460652409,0,0
Logistics,23,76,5573000.0,178400.0,283800.0,2796000.0,579,77.12006258263737,74.30159638482901,0,0
Retail,3,21,956000.0,43100.0,44800.0,321000.0,139,81.81149632794148,85.23710195974537,1,0
Services,3,27,2855000.0,111500.0,133700.0,1218000.0,189,59.62148169133014,81.89067026635534,0,0
Logistics,3,20,716000.0,2500.0,49200.0,305000.0,518,55.653090546256635,90.83764431958821,1,1
Retail,5,39,3311000.0,61900.0,205600.0,934000.0,791,43.81509153769747,68.52887292704159,0,0
Manufacturing,4,17,939000.0,22700.0,52300.0,124000.0,791,88.56262657893927,84.23884238739687,2,1
Retail,13,79,7969000.0,102700.0,561200.0,681000.0,399,74.64416177027235,79.41456532021506,0,0
Retail,5,20,2757000.0,92800.0,131700.0,1277000.0,725,73.05882699429948,67.79288859437585,0,0
Services,5,39,3267000.0,42800.0,237800.0,2067000.0,782,67.40678248842757,62.66137835880408,0,0
Retail,1,11,1329000.0,30100.0,83400.0,730000.0,698,45.0110619904207,24.77417812562586,0,1
Retail,25,81,7154000.0,235400.0,364000.0,4192000.0,585,68.63895323954851,81.05974528540762,0,0
Services,2,10,871000.0,6300.0,56200.0,360000.0,120,82.7057951888734,78.99174351725009,0,0
Manufacturing,1,10,1327000.0,31200.0,88700.0,1162000.0,651,81.141798025198,83.89312829187443,0,1
Retail,7,29,3725000.0,73200.0,214700.0,567000.0,542,60.80057697426822,74.91337903417633,0,0
Manufacturing,6,16,1880000.0,32600.0,130700.0,329000.0,52,50.2500672267437,75.6206373787788,0,0
Logistics,4,21,1388000.0,53700.0,69400.0,989000.0,409,77.90972681187084,50.598078597588994,0,0
Services,4,22,2029000.0,57000.0,108600.0,812000.0,769,45.31603898839644,80.89951974909721,0,0
Retail,10,24,1404000.0,59200.0,68000.0,771000.0,935,41.05651169595955,77.70353342996697,0,0
Services,2,13,1061000.0,33100.0,54800.0,243000.0,491,83.07247356284103,63.978596219205876,0,0
Retail,11,42,3605000.0,112000.0,188900.0,1796000.0,481,78.9138951167367,66.7377724321471,0,0
Services,7,18,2202000.0,29700.0,156500.0,531000.0,736,79.71563026503101,65.73353432710877,0,0
Logistics,4,18,2323000.0,107600.0,111500.0,917000.0,519,74.52166751919633,75.00610404015154,0,0
Services,4,31,2435000.0,73500.0,140200.0,1876000.0,329,79.52687436164427,84.3204475117297,2,1
Manufacturing,2,12,442000.0,15700.0,26700.0,75000.0,299,92.11564159744404,73.0799648430203,2,1
Services,9,54,6776000.0,79400.0,478000.0,604000.0,478,44.297656257907626,64.56588572222233,0,0
Logistics,5,29,1546000.0,16700.0,113300.0,93000.0,694,81.25459884184292,66.05738572043032,0,0
Retail,3,14,1404000.0,17100.0,93400.0,331000.0,278,72.5963924391487,84.11064907633619,0,0
Services,6,39,1467000.0,22400.0,106400.0,620000.0,624,91.46571772247596,93.7752204372595,1,1
Retail,30,62,4771000.0,76800.0,321900.0,1436000.0,660,66.49211130337723,56.525084640303234,0,0
Services,4,17,2355000.0,17000.0,170300.0,831000.0,443,79.36819370246745,44.4735532919245,0,0
Manufacturing,16,33,1504000.0,27800.0,98200.0,292000.0,379,80.37909491475781,62.92900450296752,1,1
Logistics,3,18,1431000.0,43800.0,68700.0,1416000.0,195,71.85557884528002,90.89834641746255,1,1
Retail,1,3,202000.0,6500.0,11500.0,91000.0,748,59.54386185257906,84.57484578094338,1,1
Manufacturing,2,11,1430000.0,21300.0,91000.0,626000.0,890,82.0763327325593,62.882361223725795,0,0
Manufacturing,4,12,1515000.0,42500.0,84000.0,473000.0,675,80.70472763150624,95.26480239106098,1,1
Manufacturing,2,13,779000.0,29300.0,41600.0,150000.0,258,73.567961988658,76.51674485082287,1,0
Retail,1,7,305000.0,6200.0,18800.0,139000.0,327,71.62235130684587,44.411225902966166,0,0
Retail,15,80,8068000.0,92300.0,576900.0,1154000.0,90,89.04589722423025,42.20748424873691,2,1
Retail,12,73,5133000.0,189200.0,240200.0,1000000.0,895,97.074005471444,55.78310933890841,0,0
Retail,9,26,2745000.0,50400.0,183900.0,390000.0,276,73.015205271869,71.73589593717284,0,0
Retail,2,8,307000.0,-3500.0,20200.0,119000.0,245,84.24540698347171,69.22249869801598,0,0
Logistics,1,9,441000.0,6900.0,31900.0,173000.0,717,62.31968540801079,58.8478038840374,0,0
Manufacturing,1,7,749000.0,19500.0,53500.0,282000.0,394,38.27473885282724,34.60479235024385,0,0
Services,8,49,2808000.0,51000.0,187600.0,724000.0,660,73.04955658500032,73.37566808306097,1,1
Services,16,57,7128000.0,165800.0,428700.0,1574000.0,323,64.26223461068487,96.3529224250662,0,0
Logistics,4,10,412000.0,18300.0,21200.0,208000.0,778,67.00431809427873,78.51540161369586,1,1
Retail,1,12,692000.0,19200.0,42100.0,464000.0,402,52.93953194302502,86.27806166807456,0,0
Services,5,16,2238000.0,42800.0,149700.0,567000.0,771,68.45849213027616,83.72123738941544,0,0
Manufacturing,3,16,1288000.0,300.0,90800.0,444000.0,791,86.81320303345328,72.771361012671,1,1
Manufacturing,3,24,2611000.0,28800.0,176400.0,382000.0,339,59.60576995051671,91.93937613715937,0,0
Manufacturing,6,40,2167000.0,77600.0,111000.0,252000.0,856,72.81288814237034,86.25790325683569,1,0
Logistics,8,33,3268000.0,56600.0,203700.0,1823000.0,893,83.13043782801387,80.32018104889612,0,0
Manufacturing,1,10,1112000.0,34800.0,61100.0,182000.0,470,54.623440779932984,87.3546385882342,1,1
Retail,1,13,884000.0,30200.0,40700.0,152000.0,526,77.21957762251117,48.27192533520874,0,0
Services,30,151,18427000.0,581600.0,946000.0,9145000.0,357,49.23508235383857,62.6116748039906,0,0
Services,2,16,1574000.0,57000.0,77000.0,1096000.0,530,96.4406617715894,81.94748170802349,1,1
Retail,1,13,986000.0,15800.0,68000.0,288000.0,456,83.54798520661443,51.98065403371378,0,0
Manufacturing,2,9,842000.0,42400.0,44600.0,332000.0,563,47.51068073338377,50.30621547366053,2,1
Services,1,12,1147000.0,29000.0,61600.0,603000.0,597,92.42224279533829,58.80196225556108,1,1
Retail,3,21,1100000.0,23700.0,79500.0,117000.0,276,78.4957216564302,77.47544223777462,0,0
Manufacturing,10,61,4715000.0,130400.0,265300.0,2201000.0,763,91.88258054657828,70.65206475528464,0,0
Manufacturing,3,10,711000.0,21200.0,32800.0,243000.0,833,56.19926878585615,92.33942469680917,0,0
Services,4,18,1388000.0,47600.0,74500.0,171000.0,477,81.8595285659291,52.489372308876035,0,0
Logistics,7,27,3103000.0,110700.0,152400.0,616000.0,881,60.559112909238976,56.39784206660825,0,0
Services,5,16,1371000.0,47800.0,66700.0,399000.0,704,74.19263001106235,59.67121644603981,0,0
Services,12,27,3611000.0,129800.0,173200.0,1428000.0,622,78.88578310812537,47.426792912151626,2,1
Retail,13,85,5596000.0,113800.0,347800.0,2116000.0,924,98.49015564415413,68.35261014523653,0,0
Retail,1,5,393000.0,6000.0,20100.0,125000.0,241,86.2868461707926,48.80097355605445,0,0
Retail,10,53,6234000.0,177900.0,347700.0,2446000.0,537,58.40505167220117,75.3272898080148,0,0
Retail,4,23,2124000.0,27500.0,147700.0,583000.0,792,66.49260684578299,54.18610678811624,0,0
Retail,27,169,15622000.0,402900.0,898300.0,7522000.0,203,83.8094804260056,69.85752848042401,0,0
Logistics,4,24,974000.0,14200.0,69200.0,472000.0,223,88.01466250331993,85.86935705176508,0,0
Retail,27,85,6533000.0,157600.0,388900.0,1864000.0,27,73.39676363028488,81.26852436020717,2,1
Services,9,21,1332000.0,23900.0,75700.0,715000.0,903,85.5097368360445,93.63007367046222,0,0
Retail,2,15,2099000.0,45700.0,139500.0,184000.0,176,71.799230773306,52.32462263756098,0,0
Retail,5,27,1819000.0,65600.0,87000.0,94000.0,586,98.88980444658604,67.75215136194115,0,0
Retail,30,64,8184000.0,285200.0,395200.0,1967000.0,507,83.60593994727378,71.57998843766535,1,0
Retail,12,44,4664000.0,94700.0,297400.0,3608000.0,449,59.13436975423962,73.25001967763035,0,0
Logistics,1,12,850000.0,22400.0,50300.0,310000.0,19,73.39489488521286,54.098884977375036,0,0
Manufacturing,8,31,2854000.0,51200.0,192800.0,823000.0,216,84.79205954455709,52.228394991343826,0,0
Retail,3,22,2712000.0,37700.0,192600.0,305000.0,430,56.66786715090155,89.28138872662554,0,0
Manufacturing,1,4,511000.0,19400.0,28900.0,153000.0,26,87.83442955999983,70.054312701522,0,0
Retail,4,28,1452000.0,41400.0,90400.0,691000.0,411,92.15814770061887,35.59654161014733,0,0
Retail,2,10,707000.0,23900.0,42100.0,755000.0,355,97.9212030335951,63.44641212786449,0,0
Logistics,11,69,4844000.0,49600.0,352800.0,4137000.0,766,48.8845285201591,89.63082745190387,0,0
Services,3,15,591000.0,-300.0,40600.0,226000.0,387,88.13073995462629,94.90873211559425,0,0
Retail,11,59,5771000.0,85100.0,409200.0,2013000.0,392,54.8905534756766,78.90680626027124,0,0
Logistics,1,8,998000.0,28600.0,52700.0,151000.0,239,28.53981929844684,47.29753567524968,0,0
Retail,3,18,1351000.0,18200.0,90600.0,357000.0,196,73.02372983181642,88.58705345807704,0,0
Retail,2,5,564000.0,3100.0,30000.0,224000.0,311,70.83172265622291,64.19504590304864,0,0
Manufacturing,2,10,1009000.0,34800.0,52000.0,321000.0,830,84.53109343358963,31.92346366911677,2,1
Retail,1,4,298000.0,4600.0,21400.0,39000.0,321,53.89970664188611,78.16251864447676,0,0
Retail,2,20,996000.0,24700.0,46200.0,1158000.0,445,93.63369510099318,89.97376789887689,0,1
Retail,5,25,2737000.0,33600.0,198100.0,1293000.0,704,98.0336255845278,83.05992894384875,1,0
Manufacturing,3,21,2619000.0,83500.0,130800.0,472000.0,132,52.72027975476037,52.518879056776726,0,0
Manufacturing,4,14,1498000.0,44000.0,102400.0,537000.0,366,81.7733034840764,69.80971672041277,0,0
Retail,3,14,516000.0,10800.0,27600.0,264000.0,602,45.04555287441469,28.000952639951464,0,0
Services,13,87,5020000.0,136400.0,278500.0,492000.0,60,31.12055872590262,83.00371326579436,0,0
Retail,15,63,2665000.0,77100.0,138000.0,804000.0,241,35.05423462755864,60.82015106181782,0,0
Retail,5,16,1518000.0,42700.0,94000.0,422000.0,370,66.05429195256256,47.066592029755185,1,1
Manufacturing,3,11,1259000.0,32100.0,69800.0,321000.0,308,47.315059707007165,42.88037758904163,0,0
Retail,1,7,326000.0,600.0,20800.0,153000.0,254,82.8234052040037,46.56878742980637,0,0
Retail,19,116,14271000.0,534700.0,660200.0,3430000.0,362,44.48576550568378,86.12500635412658,0,0
Manufacturing,1,14,1307000.0,35700.0,62200.0,107000.0,155,62.29620645067783,37.38397272813504,0,0
Retail,3,19,2041000.0,76000.0,99100.0,169000.0,218,66.32821582065456,64.45317494703751,1,1
Manufacturing,3,11,1507000.0,53400.0,86400.0,108000.0,676,75.12197675997893,73.13422551782264,0,0
Manufacturing,3,24,1051000.0,20400.0,71700.0,268000.0,656,87.78493319595772,75.93958177677052,0,0
Manufacturing,2,12,1556000.0,25500.0,109300.0,637000.0,875,44.05384453328467,85.42450302044097,0,0
Manufacturing,10,47,2267000.0,76700.0,119200.0,760000.0,859,64.97625893728852,34.90907125687182,0,0
Manufacturing,1,6,458000.0,23600.0,28200.0,171000.0,283,58.813445782586186,62.586439156362935,0,0
Retail,7,19,2364000.0,48400.0,158300.0,930000.0,327,94.04627393700375,91.20029028729743,0,0
Services,1,5,651000.0,22800.0,35000.0,116000.0,432,78.93736842848396,42.492507188421044,0,0
Retail,1,12,1058000.0,35000.0,60400.0,371000.0,929,69.06292203957045,69.74783285325175,0,0
Retail,15,37,3603000.0,76100.0,217100.0,1414000.0,151,68.73097035227994,69.13330477245371,0,0
Retail,2,17,1859000.0,69000.0,92100.0,1162000.0,642,83.28943084735856,68.82012262777671,1,1
Services,11,58,7102000.0,253200.0,330600.0,1551000.0,365,44.85966677656074,36.505159709322044,1,1
Retail,5,22,1051000.0,32000.0,52600.0,378000.0,175,89.28460270973282,75.13308565297017,0,0
Manufacturing,1,7,840000.0,-7700.0,53000.0,453000.0,681,81.0921984252644,64.22788763019604,0,0
Retail,19,84,7185000.0,258100.0,343900.0,1893000.0,187,58.559267925123024,66.64899617521814,0,0
Manufacturing,2,12,988000.0,26800.0,50400.0,243000.0,144,55.52397720276389,66.65718606092828,0,0
Retail,12,67,5327000.0,159200.0,293600.0,1503000.0,93,78.41299428579933,82.99766677391571,1,0
Retail,2,12,1062000.0,40700.0,50900.0,94000.0,583,61.0172813301288,85.93440739251116,0,0
Services,12,38,5101000.0,173400.0,260700.0,1666000.0,877,72.12340820123916,58.70629346912146,0,0
Retail,1,10,926000.0,2900.0,65600.0,198000.0,71,93.10517051871713,75.33787311440541,0,0
Logistics,5,24,3242000.0,128200.0,150300.0,359000.0,414,85.17007151454362,64.34490019339366,0,0
Services,9,29,1564000.0,47400.0,99800.0,443000.0,377,35.20723032275777,85.0167313521226,0,0
Manufacturing,17,52,5774000.0,161600.0,325700.0,298000.0,349,74.74771715071515,87.74038640979134,0,0
Retail,15,50,6014000.0,120600.0,386900.0,1509000.0,148,77.8415384963674,59.63225239910657,0,0
Retail,11,39,4146000.0,89800.0,257100.0,426000.0,28,60.03215980261744,84.73829774012596,0,0
Retail,14,73,7207000.0,221800.0,374600.0,448000.0,297,81.08476991474146,54.54007407097299,3,1
Retail,2,12,1132000.0,22100.0,78300.0,523000.0,820,81.68184071709882,84.57071668402736,0,0
Services,3,25,3135000.0,63100.0,186100.0,3515000.0,673,62.71646351354075,75.70108478911452,0,1
Logistics,3,11,1334000.0,16500.0,91300.0,205000.0,435,86.75573083518084,92.08067169549544,0,0
Retail,3,25,1196000.0,17300.0,68200.0,382000.0,141,71.60770822378606,95.4126358151599,0,0
Retail,3,19,2358000.0,19000.0,171900.0,446000.0,786,65.0124879375148,64.87043306955378,0,0
Services,5,34,2668000.0,48700.0,178800.0,792000.0,840,87.61540611854,72.15378595275826,0,0
Services,2,13,801000.0,12800.0,58000.0,215000.0,232,76.59281886469323,89.13354658492253,0,0
Services,8,54,6822000.0,159700.0,409200.0,1259000.0,919,91.42795667668015,69.49706697000609,1,0
Manufacturing,2,8,643000.0,17100.0,37800.0,257000.0,759,83.92142339530888,77.5704899354991,1,1
Retail,3,15,1798000.0,14900.0,119800.0,204000.0,895,71.64983947394394,86.21529912447637,3,1
Manufacturing,5,21,1316000.0,14500.0,92200.0,101000.0,694,73.58709547488925,79.6966040677389,0,0
Retail,10,45,1594000.0,12100.0,115300.0,692000.0,669,82.18882922481818,94.96100583924513,2,1
Manufacturing,9,63,5482000.0,151400.0,300200.0,4633000.0,503,43.89089205518009,39.02671693303567,0,1
Retail,7,34,1548000.0,28800.0,105000.0,1022000.0,274,86.8550731555274,48.142446742123944,0,0
Logistics,2,15,1713000.0,47500.0,88400.0,486000.0,232,55.602522722166604,80.22116457038454,0,0
Manufacturing,5,28,1792000.0,35500.0,109000.0,1181000.0,834,68.08101563242592,77.00049022977265,0,0
Retail,1,11,897000.0,12600.0,45500.0,532000.0,672,88.33395674819045,63.60172756610173,1,1
Retail,3,17,750000.0,18600.0,41500.0,408000.0,503,83.05834522266089,88.4473495342575,0,0
Retail,4,10,651000.0,-1000.0,46500.0,195000.0,457,70.82625002906185,78.31164747002154,0,0
Manufacturing,1,8,936000.0,31900.0,46700.0,294000.0,113,71.04595497675957,91.10985270262599,0,0
Retail,2,12,611000.0,4700.0,38600.0,242000.0,196,85.94829816302038,61.064774107460586,0,0
Logistics,19,65,6692000.0,142700.0,415800.0,2714000.0,183,89.42973963606559,53.45268383403536,0,0
Manufacturing,19,65,8536000.0,290600.0,419600.0,2039000.0,247,74.99053479391414,88.0737867660834,0,0
Manufacturing,3,11,1170000.0,46800.0,64100.0,663000.0,107,76.6442386639495,57.651689552004825,2,1
Retail,1,13,1562000.0,38300.0,95800.0,816000.0,643,42.77160897042135,52.74287545379405,0,0
Services,2,10,464000.0,200.0,23700.0,148000.0,486,53.73629686263707,36.44720197211762,0,0
Logistics,3,24,1472000.0,12600.0,99900.0,407000.0,530,83.92585098209396,75.3670964085952,0,0
Logistics,18,115,14827000.0,160000.0,1076000.0,7336000.0,99,86.29221472907498,80.35863714317166,0,0
Retail,1,12,1321000.0,34300.0,68300.0,526000.0,693,36.533471837767635,60.00815130093255,0,0
Retail,9,49,5006000.0,138200.0,255200.0,2500000.0,533,62.79306612874762,60.192989331624894,0,0
Manufacturing,1,5,523000.0,23900.0,30500.0,212000.0,395,62.97313251375789,62.17115962099397,0,0
Retail,24,56,4395000.0,80200.0,291800.0,5194000.0,421,95.52055232060657,95.52837935866152,0,0
Services,3,18,714000.0,25400.0,38300.0,263000.0,246,71.97189971726475,64.16677671673443,0,0
Retail,9,57,6690000.0,242300.0,310300.0,7851000.0,265,64.13137482460908,78.24569382247854,0,0
Services,3,19,2019000.0,49100.0,122600.0,261000.0,99,61.36017199703011,84.321756531894,0,0
Logistics,6,19,1608000.0,12400.0,116000.0,123000.0,333,69.12518789026556,73.5255678139358,0,0
Manufacturing,2,18,2331000.0,64000.0,131900.0,1747000.0,207,71.421200589482,77.74589661793705,0,0
Services,1,6,422000.0,3600.0,24200.0,229000.0,649,79.7317310839475,68.28118607278066,0,0
Manufacturing,17,42,2768000.0,42200.0,200600.0,716000.0,615,60.64201226020637,71.23417521667234,0,0
Retail,15,61,7725000.0,129600.0,501600.0,1205000.0,621,56.78035094416066,69.2309444710385,0,0
Manufacturing,14,43,5103000.0,100300.0,334800.0,1586000.0,901,64.6513116628808,71.84008034003344,0,0
Manufacturing,6,18,1603000.0,35600.0,98300.0,600000.0,314,95.19486285410234,35.7870568038139,0,0
Retail,10,45,2193000.0,19500.0,159300.0,455000.0,372,62.23065325126801,87.61539815123783,1,1
Retail,1,12,691000.0,14100.0,44800.0,282000.0,571,76.546534392361,82.41426606425506,0,0
Retail,3,16,1662000.0,27300.0,117100.0,893000.0,779,75.72014382047384,68.84713276427547,0,0
Retail,3,8,603000.0,22000.0,39200.0,301000.0,467,80.08728168750405,86.27418895460806,0,0
Manufacturing,7,42,5159000.0,91700.0,340700.0,2229000.0,899,82.656790221265,47.71579517473047,0,0
Manufacturing,3,21,2830000.0,76400.0,152300.0,604000.0,577,44.99712647193606,90.1319814106352,0,0
Retail,1,3,359000.0,10900.0,19500.0,85000.0,520,50.013649080875936,50.265488472318786,0,0
Retail,6,26,1941000.0,45500.0,130800.0,1059000.0,79,70.02712320917348,62.38184409658805,0,0
Logistics,11,36,4241000.0,135200.0,229000.0,425000.0,580,89.8945869937567,90.41041345574055,1,0
Logistics,3,14,1007000.0,29500.0,61700.0,434000.0,236,82.03262265930945,25.614572254114247,1,1
Services,1,12,631000.0,25700.0,33200.0,324000.0,480,70.96778089278124,89.50988299436744,0,0
Logistics,2,14,539000.0,13700.0,36800.0,264000.0,86,78.25860357930632,31.927158653550492,1,1
Retail,2,9,680000.0,32700.0,33200.0,349000.0,902,81.7650893169198,83.09549316370205,0,0
Logistics,3,13,1688000.0,21100.0,115900.0,105000.0,488,72.17908151726319,67.7969549762531,0,0
Retail,7,43,2584000.0,43200.0,161300.0,1406000.0,694,89.39486375905003,55.56383239693413,0,0
Retail,6,42,2381000.0,77600.0,121400.0,964000.0,712,67.0942958546825,82.68233017636003,0,0
Logistics,8,32,4379000.0,92400.0,266000.0,1358000.0,669,69.58247115825613,86.65641367442367,0,0
Retail,3,19,715000.0,12800.0,38300.0,386000.0,33,69.65762073560522,68.05155350226931,0,0
Logistics,11,26,3055000.0,81600.0,167200.0,945000.0,536,76.19347263196202,87.95368156458339,0,0
Services,2,7,481000.0,33300.0,26700.0,102000.0,798,78.03333228351418,53.832164526480376,0,0
Services,4,13,506000.0,19200.0,24100.0,404000.0,697,53.97714251783143,51.05790113503197,0,1
Services,10,54,7094000.0,76600.0,517500.0,685000.0,429,67.50957729485292,44.615386163642135,1,0
Retail,2,17,844000.0,21200.0,39400.0,304000.0,378,56.33598616466755,77.70998376163553,0,0
Retail,1,9,836000.0,1400.0,53500.0,157000.0,542,87.23552884335487,74.59708375242825,0,1
Retail,13,30,1913000.0,45700.0,107200.0,248000.0,94,46.12732498931436,70.08474690948123,0,0
Retail,3,7,293000.0,17300.0,18600.0,96000.0,810,87.80923816811331,89.52627500510675,1,1
Retail,7,28,1127000.0,33900.0,62700.0,382000.0,204,78.2277310607701,72.78790473421068,0,0
Logistics,1,7,330000.0,11100.0,21200.0,87000.0,162,58.60667280032386,87.59943119781745,0,0
Logistics,8,34,1445000.0,31100.0,95200.0,124000.0,689,72.11996483996099,29.578035051530886,0,0
Retail,3,17,1953000.0,31400.0,126600.0,970000.0,457,82.04573905542264,64.13375774731547,0,0
Manufacturing,1,9,774000.0,37700.0,37900.0,275000.0,279,70.82619506183974,36.042718407255094,1,0
Retail,6,32,2272000.0,39100.0,145200.0,245000.0,886,78.18624821815749,54.07072551961497,0,0
Manufacturing,2,17,1342000.0,51300.0,71800.0,410000.0,664,52.7972853027472,82.26093207421151,0,0
Services,3,14,1856000.0,71700.0,86500.0,1223000.0,523,70.95171316248329,76.45021277080505,0,0
Retail,1,10,1306000.0,19700.0,74800.0,105000.0,315,79.34205176479165,65.77493873664687,0,0
Manufacturing,1,6,661000.0,10900.0,38200.0,234000.0,480,43.187699287715056,26.562162389474896,3,1
Manufacturing,3,20,2558000.0,48800.0,150100.0,1162000.0,379,77.73077955685126,49.48848224840987,0,1
Retail,1,15,1028000.0,28000.0,67000.0,436000.0,413,93.987877157876,49.70259211216146,0,0
Retail,15,35,2626000.0,75900.0,142700.0,398000.0,507,63.26095007202143,76.21444068821104,0,0
Retail,1,6,597000.0,-600.0,32500.0,287000.0,556,74.08477874174619,82.26256262916175,0,1
Manufacturing,4,26,2612000.0,96600.0,124100.0,578000.0,830,89.26589118074628,63.40517608025803,0,0
Retail,1,10,856000.0,11600.0,55400.0,448000.0,494,93.76702801993416,78.62287085152597,2,1
Retail,3,16,1233000.0,15100.0,75800.0,106000.0,182,83.51509515322921,38.85203624532434,1,0
Logistics,16,50,6927000.0,206600.0,384100.0,4481000.0,617,61.39784102167298,37.700667055972225,0,0
Retail,2,8,970000.0,18400.0,63300.0,338000.0,105,61.07370308120109,79.83827949932312,0,0
Retail,21,64,5163000.0,115000.0,312900.0,897000.0,737,80.0172139058578,90.3933220445112,1,0
Manufacturing,2,10,1114000.0,24200.0,65400.0,485000.0,856,64.11616455543302,87.3337293491383,0,0
Services,9,32,2026000.0,35400.0,121300.0,736000.0,314,58.080921375926195,82.3719643740064,0,0
Retail,5,24,1092000.0,11400.0,69200.0,64000.0,188,65.64563692530687,74.94384419715946,0,0
Logistics,13,27,1944000.0,47900.0,124400.0,689000.0,660,96.27219233156693,64.94992580814078,0,0
Manufacturing,5,35,2706000.0,76200.0,145500.0,800000.0,387,63.841066264594815,81.29826202462222,0,0
Retail,5,22,808000.0,27300.0,40200.0,120000.0,38,73.68354809624125,94.16147810478373,0,0
Manufacturing,2,19,2291000.0,59700.0,114900.0,1255000.0,215,62.808789000013476,76.4677228826338,0,0
Retail,2,14,1018000.0,9700.0,64600.0,508000.0,745,78.09316161529989,94.07019986097252,0,0
Services,15,62,5949000.0,85100.0,415500.0,1168000.0,21,91.23522527940617,93.31007316763166,0,0
Retail,3,18,770000.0,23200.0,44000.0,247000.0,20,76.75008661764502,44.50976004233376,1,1
Manufacturing,3,14,747000.0,38600.0,37700.0,343000.0,644,50.10934365814273,77.54482292640147,0,0
Manufacturing,9,46,5907000.0,109400.0,393600.0,2586000.0,175,79.4344403910317,61.92430720117855,1,1
Retail,3,9,890000.0,11100.0,61200.0,458000.0,611,82.4509335071108,73.55900725941316,0,0
Manufacturing,19,77,10378000.0,141600.0,727000.0,2381000.0,892,62.96878331965481,54.15817014685721,1,1
Manufacturing,9,26,3637000.0,73200.0,227400.0,1647000.0,262,27.71957016467073,64.66100003154874,0,0
Logistics,6,37,2740000.0,54400.0,190400.0,820000.0,180,88.13422060750908,74.88531233869493,2,1
Retail,13,70,4646000.0,181500.0,214900.0,1154000.0,442,58.742685198617636,70.34676992347477,0,0
Retail,1,10,1251000.0,44600.0,61000.0,650000.0,159,83.82109754305326,63.537382824917444,0,0
Services,2,15,2098000.0,74900.0,101500.0,1413000.0,525,59.675199580231904,39.21718717669367,1,1
Manufacturing,4,25,2528000.0,56800.0,165400.0,717000.0,557,82.39197142645197,84.85315075434158,0,0
Services,2,16,1896000.0,72100.0,90500.0,732000.0,947,90.28457185195552,42.66639733190603,0,0
Retail,9,55,6440000.0,166000.0,383100.0,1163000.0,523,79.28756131746269,62.09020958543094,0,0
Services,16,69,4989000.0,104700.0,293500.0,1060000.0,921,88.7175316937065,86.42692286149881,0,0
Retail,4,24,2287000.0,69900.0,124400.0,1180000.0,234,76.65379861752693,91.40592190721102,0,0
Services,3,18,2204000.0,25700.0,153800.0,858000.0,659,78.97752137792273,89.50499071779173,0,0
Services,20,85,9116000.0,313200.0,460500.0,9321000.0,590,44.81708611679143,72.5077568269152,0,1
Retail,4,23,856000.0,36200.0,47500.0,159000.0,90,78.6554966372755,72.74130430035807,0,0
Services,5,33,2322000.0,37900.0,155900.0,1650000.0,657,80.48943567820452,80.97318911910637,0,0
Retail,3,15,753000.0,39900.0,35100.0,403000.0,838,88.01631994963768,83.94225139111798,0,0
Retail,15,91,5411000.0,117100.0,348100.0,1133000.0,333,57.7607216707498,63.32843438949296,0,0
Retail,6,39,5073000.0,76900.0,346400.0,1458000.0,887,83.98711039743017,84.26240026800382,3,1
Retail,9,54,2099000.0,44700.0,150000.0,641000.0,52,73.50863552288877,81.331022794094,1,0
Manufacturing,11,61,3543000.0,47200.0,247800.0,864000.0,580,64.2129701652995,46.99595339945136,0,0
Retail,3,16,1080000.0,29300.0,59000.0,140000.0,656,68.93257648203209,63.48926386921959,0,0
Retail,4,24,2395000.0,58100.0,148400.0,1184000.0,744,59.6835874019801,55.80117542853629,0,0
Logistics,12,74,6740000.0,235600.0,323200.0,8112000.0,528,91.12295698268487,86.94883737093791,0,0
Services,3,27,1564000.0,48200.0,82800.0,523000.0,260,42.29121628281795,79.72450776337595,3,1
Retail,10,28,1463000.0,62400.0,70800.0,640000.0,154,82.54881585306485,65.92661741350746,0,0
Retail,17,88,5268000.0,152100.0,287100.0,5575000.0,822,72.98139007719104,98.57078985969068,0,0
Retail,6,35,3072000.0,27700.0,214700.0,2715000.0,272,58.85929361417739,42.01459700992759,0,1
Manufacturing,9,27,1714000.0,50900.0,94900.0,273000.0,631,32.63679408491408,65.90321310173813,0,0
Manufacturing,10,61,8204000.0,175300.0,502800.0,1057000.0,395,77.3923632668498,82.82010251459285,0,0
Retail,12,45,3767000.0,103300.0,217500.0,322000.0,862,92.82777179609958,78.52569616212891,0,0
Retail,4,16,659000.0,22000.0,38500.0,36000.0,492,76.62864597226769,88.28265574123564,0,0
Services,1,10,1116000.0,23900.0,80900.0,227000.0,199,71.15478347890992,59.37609577510523,0,0
Retail,4,24,1669000.0,56200.0,90100.0,907000.0,317,70.70836342322495,85.85795292224236,1,1
Retail,7,30,3108000.0,71600.0,196100.0,530000.0,508,60.68183737885852,32.466557354375695,0,0
Retail,4,22,1416000.0,31300.0,81300.0,117000.0,770,56.714479800643794,50.848291941090885,1,0
Manufacturing,9,44,4177000.0,156000.0,198500.0,1315000.0,178,93.39165043455436,89.12823805753783,1,0
Retail,3,10,1161000.0,43700.0,68800.0,217000.0,658,84.28771174948014,43.16295559783182,0,0
Retail,7,45,5960000.0,84700.0,406500.0,2670000.0,217,78.29643079323732,38.571507746086134,0,0
Retail,2,13,811000.0,42600.0,39400.0,97000.0,422,60.42127850950957,61.974900319886395,0,0
Retail,9,34,2385000.0,80500.0,113900.0,1124000.0,224,82.35257474813554,35.88593492771834,0,0
Services,5,29,2429000.0,74000.0,121600.0,2827000.0,873,61.993234140877796,85.98020931725885,0,0
Services,2,20,2647000.0,46000.0,177000.0,1080000.0,115,56.503319091830974,81.36125535728362,0,0
Retail,3,12,1556000.0,33100.0,102300.0,1431000.0,460,91.8745416629526,76.5507957018065,0,0
Retail,9,28,1244000.0,34700.0,76300.0,643000.0,912,69.8765243509064,96.26309225216258,0,0
Retail,4,29,1417000.0,27200.0,83200.0,219000.0,797,41.10843558382056,84.00956213233437,0,0
Manufacturing,2,8,696000.0,12600.0,48900.0,841000.0,575,68.46054218313307,59.90264127687135,0,1
Retail,21,45,2079000.0,28700.0,139100.0,2004000.0,382,91.27181154133842,57.274774849088686,0,0
Manufacturing,8,22,1568000.0,11900.0,106900.0,648000.0,253,73.53335818910195,54.63147934613877,3,1
Retail,19,117,5918000.0,82100.0,403600.0,3011000.0,741,94.36024108918612,54.322155833520334,0,0
Retail,4,23,2341000.0,40400.0,148700.0,756000.0,305,69.50389186831538,44.798827419408354,1,1
Manufacturing,4,14,1886000.0,51100.0,110200.0,711000.0,386,46.45492651552578,95.08818332226761,0,0
Services,14,33,4609000.0,72500.0,320800.0,1660000.0,876,81.94101445334901,94.74121426726205,0,0
Services,5,39,2902000.0,23100.0,206900.0,2578000.0,445,78.14155766100218,72.57150406248675,0,1
Logistics,8,33,3231000.0,121900.0,150200.0,650000.0,294,69.20589903231951,90.30651760826329,0,0
Retail,2,9,1124000.0,31200.0,53100.0,256000.0,481,40.12060641453103,34.098190838450506,0,0
Services,4,11,521000.0,10800.0,37600.0,139000.0,330,76.5455196718141,95.68203182167548,0,0
Manufacturing,1,10,1074000.0,27100.0,57400.0,194000.0,91,66.4125719730742,43.74113880453787,1,1
Logistics,2,18,1403000.0,10500.0,98000.0,191000.0,830,80.44260280904717,78.17345904994646,0,0
Manufacturing,1,7,397000.0,17100.0,22400.0,105000.0,165,97.50121431480221,83.70231042196468,2,1
Logistics,1,9,696000.0,19100.0,34200.0,162000.0,410,69.5292544197131,89.76238608823981,0,0
Retail,23,121,5200000.0,181000.0,249800.0,3405000.0,510,81.34166670064506,87.65954193191024,0,0
Services,2,18,1944000.0,46700.0,97500.0,158000.0,311,54.198005310293205,55.32344274249363,0,0
Services,7,34,2092000.0,71600.0,110300.0,1095000.0,683,72.93340989586264,78.7557593283833,1,1
Manufacturing,11,69,4671000.0,119000.0,276800.0,2021000.0,724,49.43713755075599,85.94066502669861,0,0
Retail,5,14,668000.0,12200.0,43500.0,278000.0,910,77.99047230289506,77.53135701231501,0,0
Services,1,5,629000.0,-5700.0,45900.0,86000.0,421,71.41330704255303,71.65116734000152,0,0
Retail,8,24,2083000.0,62500.0,120800.0,733000.0,301,61.87232955967637,34.00895159362282,0,0
Services,6,28,2662000.0,56600.0,159900.0,1850000.0,507,48.836670810250666,53.836353341634855,0,0
Retail,8,22,2085000.0,44600.0,125500.0,1128000.0,931,84.6999274444396,61.73916027035449,0,0
Retail,9,39,3046000.0,87500.0,184800.0,1291000.0,550,92.75790890170107,61.01153498363987,0,0
Retail,23,121,6681000.0,149800.0,401300.0,2257000.0,470,80.06512476505114,63.876202394904055,0,0
Manufacturing,6,27,3057000.0,119800.0,140900.0,1453000.0,506,89.78919870739817,59.57945315783313,0,0
Logistics,3,24,1160000.0,48000.0,53200.0,148000.0,23,41.06955381916003,73.65647794331909,1,1
Retail,7,17,780000.0,30300.0,37800.0,45000.0,932,46.31051671329671,91.48759709896244,0,0
Retail,1,9,986000.0,36500.0,47900.0,860000.0,146,92.35754348709139,14.354448323784913,0,0
Retail,14,74,4213000.0,79300.0,274800.0,418000.0,91,49.62914761880704,59.74900859881872,0,0
Retail,1,10,672000.0,23600.0,34600.0,160000.0,752,69.6353409605647,55.81993076739413,0,0
Services,3,9,764000.0,9500.0,53800.0,323000.0,145,89.18429148927432,79.95021977212036,0,0
Services,11,63,5177000.0,74000.0,369500.0,959000.0,902,63.731230452690134,81.44633602064928,0,0
Retail,6,32,3501000.0,26800.0,254400.0,1275000.0,426,71.76579255792028,92.36282721202514,1,1
